The Exploited,5
Special Duties,5
Tricky,12
PJ Harvey,5
Bob Dylan,5
Leonard Cohen,5
The Gun Club,5
Chrissie Hynde,5
Crime & the City Solution,5
Lesley Gore,5
Massive Attack,12
Nick Cave,5
The Raincoats,5
Pretenders,5
Tom Waits,5
Marianne Faithfull,5
Patti Smith,5
Sonic Youth,5
Pere Ubu,5
Pixies,5
The Smiths,5
X,5
Captain Beefheart,5
Bad Brains,5
P.O.D.,5
Black Flag,5
Korn,5
Faith No More,5
Eek-A-Mouse,8
Santana,5
Primus,5
Metallica,5
311,5
Suicidal Tendencies,5
Sepultura,5
Extreme,5
Tool,5
Fishbone,5
Jane's Addiction,5
Living Colour,5
Rage Against the Machine,5
Red Hot Chili Peppers,5
BÃ©la Fleck,3
Tony Furtado,5
Sam Bush,19
Trey Anastasio,5
Alice Cooper,5
Soundgarden,5
Spinal Tap,14
Blue Cheer,5
Blue Ã–yster Cult,5
Killing Joke,5
Kiss,5
Crazy Horse,5
Led Zeppelin,5
MC5,5
Funkadelic,4
Gene Simmons,5
Melvins,5
Jimi Hendrix,5
Neil Young,5
Ohio Players,4
Wipers,5
Ramones,5
Mountain,5
The Stooges,5
AC/DC,5
Aerosmith,5
Budgie,5
The Beatles,5
Black Sabbath,5
Iron Butterfly,5
The Velvet Underground,5
Spice Girls,5
t.A.T.u.,5
Boney M.,5
Gwen Stefani,5
Britney Spears,5
Tanya Tucker,19
Pam Tillis,19
Patty Loveless,19
Bobbie Gentry,19
The Judds,19
Connie Smith,19
Tammy Wynette,19
Dolly Parton,19
Janie Fricke,19
Loretta Lynn,19
Ray Price,19
Skeeter Davis,19
Lynn Anderson,19
Soulfly,5
All That Remains,5
In Flames,5
Biohazard,5
Vision of Disorder,5
Hatebreed,5
At the Gates,5
Olivier Messiaen,6
GyÃ¶rgy KurtÃ¡g,6
Daddy Yankee,13
Speedy,12
Spyro Gyra,3
Allan Holdsworth,5
Jo Stafford,7
Allan Sherman,14
Victor Borge,14
Theodore Bikel,17
Spike Jones,14
Simon & Garfunkel,5
Sergio Mendes,15
The Beach Boys,5
Les Baxter,15
Caetano Veloso,13
Burt Bacharach,5
Baden Powell,13
AntÃ´nio Carlos Jobim,13
JoÃ£o Gilberto,18
Frank Sinatra,7
EdÃº Lobo,13
John Cage,6
Tangerine Dream,12
Pink Floyd,5
Miles Davis,3
Terry Riley,11
Jefferson Airplane,5
Grateful Dead,5
Joan Armatrading,5
Tanita Tikaram,5
TLC,4
Total,4
En Vogue,4
Janet Jackson,4
Mariah Carey,4
R. Kelly,4
Mary J. Blige,4
Chaka Khan,4
Whitney Houston,4
Cream,5
Pat Travers,5
Elmore James,0
Eric Clapton,5
Deep Purple,5
Jeff Beck,5
Leslie West,5
The Yardbirds,5
Little Walter,0
Robin Trower,5
The Rolling Stones,5
Barry Manilow,5
Pablo Cruise,5
America,5
Poco,5
Brand New,5
Alexisonfire,5
Sunny Day Real Estate,5
Stone Temple Pilots,5
Quicksand,5
Joe,4
Tank,4
Leonard Bernstein,6
Andrew Lloyd Webber,1
Jule Styne,1
George Martin,5
Stephen Sondheim,1
U-Roy,8
Pato Banton,8
Derrick Morgan,8
Jimmy Cliff,8
Aswad,8
Steel Pulse,8
Toots & the Maytals,8
Desmond Dekker,8
Prince Jazzbo,8
Creedence Clearwater Revival,5
Southern Culture on the Skids,5
The Cramps,5
Lynyrd Skynyrd,5
Charlie Feathers,5
Link Wray,5
Sam the Sham & the Pharaohs,5
Screamin' Jay Hawkins,4
Jerry Lee Lewis,5
Brian Setzer,5
Mojo Nixon,5
Dave Edmunds,5
ZZ Top,5
Tony Joe White,5
Keith Richards,5
Johnny Cash,19
The Ventures,5
Molly Hatchet,5
Cab Calloway,3
T-Bone Walker,0
Charlie Christian,3
Tony Rebel,8
T.S.O.L.,5
The Dickies,5
The Weirdos,5
Steven Halpern,10
Parijat,10
George Duke,3
T-Connection,4
Paula Abdul,5
Selena,13
Cyndi Lauper,5
Fito Olivares,13
Madonna,5
Donna Summer,4
Gloria Estefan,5
Los Tigres del Norte,13
The Kinks,5
Space,5
The Who,5
Syreeta,4
Alicia Keys,4
Natalie Cole,4
Isaac Hayes,4
D'Angelo,4
Faith Evans,4
Dionne Warwick,4
Erykah Badu,4
Sade,4
Roberta Flack,4
Marvin Gaye,4
Prince,4
Nina Simone,7
The Sweet Inspirations,4
Brenda Russell,4
Stevie Wonder,4
Maxwell,4
Oleta Adams,5
Aretha Franklin,4
Allen Toussaint,4
Slayer,5
Pantera,5
Iron Maiden,5
Corrosion of Conformity,5
Exhorder,5
Judas Priest,5
Van Halen,5
Saint Vitus,5
Venom,5
Napalm Death,5
Negative Approach,5
Megadeth,5
Ozzy Osbourne,5
Anthrax,5
MotÃ¶rhead,5
Godflesh,5
Annihilator,5
Manowar,5
Ted Nugent,5
Testament,5
Anvil,5
Danzig,5
System of a Down,5
John Frusciante,5
Rollins Band,5
Nine Inch Nails,5
Nirvana,5
Neurosis,5
Mr. Bungle,5
Helmet,5
Marilyn Manson,5
T. Rex,5
Chuck Berry,5
Elvis Presley,5
Donovan,8
Little Richard,5
The Paul Butterfield Blues Band,0
Steppenwolf,5
The Amboy Dukes,5
King Crimson,5
The Doors,5
Laura Nyro,5
Frank Zappa,5
Vanilla Fudge,5
John Barry,1
The Pretty Things,5
Tony Bennett,7
Paolo Conte,7
Ã‰dith Piaf,7
Yves Montand,7
Charles Aznavour,7
Dave Brubeck,3
Terry Gibbs,3
Alice Coltrane,3
John Coltrane,3
Dexter Gordon,3
Ravi Shankar,18
Bud Powell,3
McCoy Tyner,3
Paul Oakenfold,12
Robert Miles,12
Paul van Dyk,12
Pearl Jam,5
Semisonic,5
Paul Westerberg,5
BoDeans,5
Big Star,5
The Connells,5
Crowded House,5
Foo Fighters,5
Lindsey Buckingham,5
Jimmy Buffett,5
Matthew Sweet,5
The Posies,5
Tom Petty,5
Marshall Crenshaw,5
The Smithereens,5
Todd Rundgren,5
Gram Parsons,5
Steely Dan,5
Toto,5
Bee Gees,5
Blood Sweat & Tears,5
Boz Scaggs,5
Larry Carlton,3
Chicago,5
Jackson Browne,5
The Doobie Brothers,5
Loggins & Messina,5
Orleans,5
Manfred Mann,5
Yes,5
Elton John,5
Herbie Hancock,3
Harold Arlen,1
Billie Holiday,7
Billy Eckstine,7
Dizzy Gillespie,3
Joe Mooney,7
Ella Fitzgerald,7
Sarah Vaughan,7
Charlie Parker,3
Johnny Hartman,7
Joe Williams,7
Johnny Mercer,7
Stan Getz,3
Max Roach,3
Stan Levey,3
Stephanie Mills,4
Alicia Myers,4
Deniece Williams,4
The Jones Girls,4
Ray Charles,4
Ali Farka TourÃ©,18
Big Joe Williams,0
John Lee Hooker,0
Lightnin' Hopkins,0
Compay Segundo,13
Pablo MilanÃ©s,13
Vicente FernÃ¡ndez,13
Alicia Villarreal,13
Luis Miguel,13
Alejandro FernÃ¡ndez,13
Alejandro Sanz,13
Vassar Clements,19
Alison Krauss & Union Station,19
Ralph Stanley,19
J.D. Crowe & the New South,19
Steve Howe,5
Brian May,5
Jimmy Page,5
George Harrison,5
Rick Nielsen,5
The Shadows,5
Joe Satriani,5
Smokey Robinson,4
Pete Townshend,5
Jaco Pastorius,3
Tony Levin,5
Jack Bruce,5
The Five Satins,4
The Delfonics,4
The Five Keys,4
The Impressions,4
The Drifters,4
Curtis Mayfield,4
The Dells,4
Gene Chandler,4
Jerry Butler,4
Brook Benton,4
The Platters,4
Pebbles,4
Betty Wright,4
Klymaxx,4
Labelle,4
The Supremes,4
Minnie Riperton,4
Atlantic Starr,4
The Tams,4
The Three Degrees,4
Diana Ross,4
Gloria Gaynor,4
Sister Sledge,4
New Edition,4
The Pointer Sisters,4
Bo Diddley,5
The Trashmen,5
The Champs,5
Chubby Checker,4
The Rivingtons,4
The Kingsmen,5
Blind Melon,5
Papa Roach,5
Kid Rock,5
Fugazi,5
Alice in Chains,5
The Cult,5
Sex Pistols,5
Heart,5
Misfits,5
Ronnie Milsap,19
T. Graham Brown,19
Tower of Power,4
Sharon Jones & the Dap-Kings,4
The Mar-Keys,4
Ike & Tina Turner,4
James Brown,4
Barbara Lynn,4
Carla Thomas,4
Fontella Bass,4
Otis Redding,4
The Memphis Horns,4
Candi Staton,4
Gladys Knight & the Pips,4
Steve Cropper,4
Irma Thomas,4
Lyn Collins,4
Etta James,0
Was (Not Was),5
Otis Clay,4
The Mamas & the Papas,5
Spanky & Our Gang,5
The Four Freshmen,7
The New Christy Minstrels,17
Herman's Hermits,5
The Flaming Lips,5
Sparklehorse,5
Galaxie 500,5
R.E.M.,5
The Replacements,5
Guided by Voices,5
The Boo Radleys,5
Pavement,5
Cracker,5
Mojave 3,5
Alkaline Trio,5
Senses Fail,5
Saves the Day,5
Dag Nasty,5
Youth of Today,5
Cro-Mags,5
Jawbreaker,5
The Promise Ring,5
Jawbox,5
Sparta,5
U2,5
Government Issue,5
Sheena Easton,5
Patty Smyth,5
Jody Watley,4
Take That,5
M People,12
Howard Jones,5
Leif Garrett,5
Wham!,5
Samantha Fox,5
Lisa Stansfield,4
Rick Astley,5
New Kids on the Block,5
The Partridge Family,5
Ace of Base,5
George Michael,5
The Velvelettes,4
Kylie Minogue,5
Shalamar,4
Menudo,13
Sparks,5
Jacques Brel,7
Scott Walker,5
The Stylistics,4
Tracey Thorn,5
Young Marble Giants,5
SHeDAISY,19
Jo Dee Messina,19
Shania Twain,19
Faith Hill,19
Dixie Chicks,19
Deana Carter,19
Joni Mitchell,5
Lorrie Morgan,19
McBride & the Ride,19
Martina McBride,19
Mindy McCready,19
Trisha Yearwood,19
Terri Clark,19
Sarah McLachlan,5
Mary Chapin Carpenter,19
Static-X,5
Fear Factory,5
Filter,5
Ministry,5
White Zombie,5
Shed Seven,5
Oasis,5
The Stone Roses,5
Slam Stewart,3
Charles Mingus,3
Erskine Hawkins,3
Lennie Tristano,3
Thelonious Monk,3
Milt Hinton,3
Buddy Collette,3
Amos Milburn,0
Taproot,5
Candlebox,5
Slipknot,5
Creed,5
Deftones,5
Spineshank,5
Traffic,5
Spin Doctors,5
Ten Years After,5
Steve Miller Band,5
The Band,5
Bob Weir,5
Bootsy Collins,4
Edgar Winter,5
War,4
Jorma Kaukonen,5
Van Morrison,5
Little Feat,5
Quicksilver Messenger Service,5
The Allman Brothers Band,5
Graham Central Station,4
Chic,4
Spandau Ballet,5
Be Bop Deluxe,5
Gary Numan,5
Japan,5
Sam Cooke,4
David Bowie,5
Brian Eno,5
David Essex,5
Ultravox,5
Roxy Music,5
Bad Religion,5
All,5
Generation X,5
Redd Kross,5
Tracy Bonham,5
Pat Benatar,5
Liz Phair,5
Hole,5
Tori Amos,5
Travis Tritt,19
Tracy Byrd,19
Keith Whitley,19
Ricky Van Shelton,19
Vince Gill,19
Johnny Paycheck,19
Sammy Kershaw,19
Randy Travis,19
Brooks & Dunn,19
Alan Jackson,19
Clint Black,19
Garth Brooks,19
George Strait,19
Teena Marie,4
Tara Kemp,4
Ferlin Husky,19
Sheb Wooley,19
Grant Lee Buffalo,5
Palace,5
Sonny Landreth,0
Tab Benoit,0
Clarence "Gatemouth" Brown,0
Dr. John,5
Professor Longhair,0
Albert Collins,0
Albert King,0
Stevie Ray Vaughan,5
Buddy Guy,0
American Head Charge,5
Keith Jarrett,3
Bob Dorough,7
Horace Silver,3
Stan Kenton,3
Jay & the Americans,5
Mose Allison,3
Petula Clark,5
Olivia Newton-John,5
Anne Murray,19
Helen Reddy,7
Linda Ronstadt,5
Stevie Nicks,5
Kenny Burrell,3
Stanley Jordan,3
Carlos Santana,5
Gabor Szabo,3
George Benson,3
Wes Montgomery,3
Roy Buchanan,0
All-4-One,4
Bell Biv DeVoe,4
Take 6,2
Little Anthony & the Imperials,4
The Tymes,4
Guy,4
The Chi-Lites,4
Keith Sweat,4
Hank Williams Jr.,19
Trace Adkins,19
Waylon Jennings,19
Ricky Skaggs,19
Merle Haggard,19
Mickey Gilley,19
Daryle Singletary,19
Dwight Yoakam,19
John Mayall,0
The Rascals,5
Georgie Fame,5
Yusef Lateef,3
The Byrds,5
The Animals,5
Them,5
Taylor Dayne,5
Sister Carol,8
Marcia Griffiths,8
Everclear,5
American Hi-Fi,5
Tadd Dameron,3
Stanley Turrentine,3
Sonny Rollins,3
Gene Ammons,3
Don Byas,3
Lowell Fulson,0
Illinois Jacquet,3
The Blues Brothers,4
Cheech & Chong,14
Twisted Sister,5
Def Leppard,5
Scorpions,5
Status Quo,5
The Rutles,5
Stealers Wheel,5
Soul Coughing,5
TV on the Radio,5
The Fall,5
Frank Black,5
Dinosaur Jr.,5
Joy Division,5
Public Image Ltd.,5
Jan Hammer,3
Peter Gabriel,5
Thee Oh Sees,5
The J.B.'s,4
Stanton Moore,3
Idris Muhammad,3
Marcus Miller,3
Jimmy Smith,3
Patrick O'Hearn,10
Kitaro,10
Edgar Froese,12
Harold Budd,11
Rick Wakeman,5
Mannheim Steamroller,10
Liz Story,10
Vangelis,12
Gordon Lightfoot,17
Stan Rogers,17
Tom Paxton,17
Patsy Cline,19
Bobby Darin,5
Eagles,5
David Allan Coe,19
Glen Campbell,19
The Collins Kids,5
Wanda Jackson,5
Melba Montgomery,19
Brenda Lee,19
George Jones,19
Paul Simon,5
Shawn Colvin,5
Bonnie Raitt,5
Chris Smither,5
Carly Simon,5
Dusty Springfield,5
Dan Fogelberg,5
Carole King,5
Fleetwood Mac,5
Don Henley,5
James Taylor,5
Judee Sill,5
Rosanne Cash,19
Judy Collins,17
Richard Thompson,5
Rickie Lee Jones,5
Willis Alan Ramsey,5
The Roches,17
John Hiatt,5
Leon Russell,5
Kate & Anna McGarrigle,17
Dave Mason,5
Solomon Burke,4
Wilson Pickett,4
The Isley Brothers,4
Booker T. Jones,4
Lee Dorsey,4
Teenage Fanclub,5
Travis,5
Paul Weller,5
Paul McCartney,5
Supergrass,5
Smashing Pumpkins,5
The Lightning Seeds,5
James,5
Echo & the Bunnymen,5
Ride,5
Jeff Buckley,5
Radiohead,5
The Verve,5
Feeder,5
Del Amitri,5
Manic Street Preachers,5
Sister Rosetta Tharpe,2
Muddy Waters,0
Ella Mae Morse,7
Shawn Mullins,5
Stephen Stills,5
Indigo Girls,5
Kris Kristofferson,19
Jim Croce,5
Alan Parsons,5
Starcastle,5
Genesis,5
Jon Anderson,5
The Moody Blues,5
Emerson Lake & Palmer,5
Eddie Fisher,7
Tab Hunter,5
The Guess Who,5
Spirit of the West,17
Crosby Stills & Nash,5
Fairport Convention,5
The Clancy Brothers,18
Chico O'Farrill,3
Paquito D'Rivera,3
Bebo ValdÃ©s,13
Lee Konitz,3
Oliver Nelson,3
Tito Puente,13
Shirley Caesar,2
Tramaine Hawkins,2
Kitty Wells,19
The Maddox Brothers & Rose,19
Red Foley,19
Hank Williams,19
Patti Page,7
Eddy Arnold,19
Roy Acuff,19
Kay Starr,7
Transvision Vamp,5
Blondie,5
The Clash,5
Christy Moore,18
Paul Brady,5
Tommy Makem,18
Trans-Siberian Orchestra,6
Boston,5
Enigma,12
Rush,5
Kansas,5
Marillion,5
Renaissance,5
Sister Hazel,5
Duran Duran,5
Counting Crows,5
Blues Traveler,5
The Outlaws,5
Styx,5
Tracy Chapman,5
Tasmin Archer,4
Elvis Costello,5
Taste,5
SisqÃ³,4
Blackstreet,4
Bobby Brown,4
Boyz II Men,4
Michael Jackson,4
Kenny Rogers,19
Billy Joe Shaver,19
Emmylou Harris,19
Rodney Crowell,19
David Frizzell,19
Charlie Daniels,19
Shaun Cassidy,5
Television Personalities,5
Badfinger,5
The Clean,5
Beat Happening,5
Flamin' Groovies,5
Love,5
The Jesus and Mary Chain,5
The Only Ones,5
Orange Juice,5
The Pastels,5
1910 Fruitgum Company,5
Moby Grape,5
Wreckless Eric,5
The Church,5
Squeeze,5
New York Dolls,5
Buffalo Springfield,5
Bill Withers,4
Aloe Blacc,4
Sevendust,5
Amel Larrieux,4
Anita Baker,4
Tavares,4
Andy Williams,7
Tony Orlando,5
Sweet Honey in the Rock,2
Graham Nash,5
Don McLean,5
John Lennon,5
Richie Havens,17
Buffy Sainte-Marie,17
Phoebe Snow,5
Odetta,17
The Action,5
Small Faces,5
The Move,5
The Zombies,5
The Blue Nile,5
Alpha,12
Jimmy Webb,5
Portishead,5
New Order,5
Ennio Morricone,1
James Cotton,0
Paul Gonsalves,3
Ben Webster,3
King Tubby,8
Alpha Blondy,8
Barrington Levy,8
Gregory Isaacs,8
Peter Tosh,8
Burning Spear,8
Sly & Robbie,8
Lee "Scratch" Perry,8
Junior Murvin,8
Tenacious D,5
Dio,5
Guns N' Roses,5
Ween,5
Ronnie James Dio,5
Neil Diamond,5
Sixpence None the Richer,5
The Innocence Mission,5
The La's,5
Cowboy Junkies,5
10,000 Maniacs,5
The Sundays,5
The Cranberries,5
Gladys Knight,4
Patti LaBelle,4
The Shangri-Las,5
The Ronettes,5
Darlene Love,4
Tina Turner,4
Doris Troy,4
Ruth Brown,4
Lorraine Ellison,4
Sly & the Family Stone,4
Terence Trent D'Arby,4
Billy Preston,4
Al Green,4
Commodores,4
Cameo,4
Teresa Brewer,7
Patti Austin,4
Eartha Kitt,7
Tammi Terrell,4
Carmen McRae,7
Dinah Washington,7
Nancy Wilson,7
Quincy Jones,3
Shirley Bassey,7
Patti LuPone,7
Ethel Merman,7
Liza Minnelli,7
Julie Andrews,1
Kenny Clarke,3
Paul Motian,3
Joe Lovano,3
Roy Haynes,3
Bill Evans,3
Philly Joe Jones,3
Roger,4
Teddy Riley,4
Kim Weston,4
Janis Ian,5
Rufus,4
Mary Wells,4
Linda Jones,4
Mike Oldfield,10
Paul Hardcastle,3
Paradise Lost,5
Witchfinder General,5
Bolt Thrower,5
The Housemartins,5
Stars,5
The House of Love,5
The Cure,5
Pet Shop Boys,5
The Lemonheads,5
Thompson Twins,5
Belly,5
Saint Etienne,5
The Human League,5
Stars of the Lid,5
Bette Midler,7
Engelbert Humperdinck,7
Lambert, Hendricks & Ross,3
Pat Boone,7
Peter Allen,7
Neil Sedaka,5
Mel TormÃ©,7
Paul Anka,5
Steve Lawrence,7
Frankie Valli,5
Liberace,15
Tad,5
Ambrosia,5
Crystal Gayle,19
Jeannie C. Riley,19
Kathy Mattea,19
Reba McEntire,19
Hazel Dickens,17
Delbert McClinton,0
Juice Newton,19
June Carter Cash,19
The Lovin' Spoonful,17
The Hollies,5
Peter, Paul and Mary,17
John Sebastian,5
Dillard & Clark,19
...And You Will Know Us by the Trail of Dead,5
Television,5
Swans,5
The Birthday Party,5
Blonde Redhead,5
Unwound,5
Mission of Burma,5
Butthole Surfers,5
Slint,5
Elvin Jones,3
Shelly Manne,3
Don Lamond,3
John Cale,5
Lou Reed,5
Roky Erickson,5
The 13th Floor Elevators,5
Albert Ayler,3
The Fugs,5
Brandy,4
Amerie,4
Skunk Anansie,5
Chumbawamba,5
Tears for Fears,5
Bauhaus,5
Van der Graaf Generator,5
Slade,5
Kate Bush,5
Ray Barretto,13
Sheila E.,4
Mongo Santamaria,13
Willie Bobo,13
Sky,5
Slim Harpo,0
B.B. King,0
Jimmy Reed,0
Howlin' Wolf,0
Bobby "Blue" Bland,0
Teddy Pendergrass,4
Jimmy Witherspoon,0
Jackie Wilson,4
Clarence Carter,4
Ben E. King,4
Eddie Floyd,4
Johnnie Taylor,4
Lou Rawls,4
O.V. Wright,4
Percy Sledge,4
Tom Lehrer,14
Shel Silverstein,17
Slim Gaillard,7
Bob Wills,19
Tennessee Ernie Ford,19
Merle Travis,19
Louis Jordan,3
Jack Johnson,5
Slightly Stoopid,5
G. Love & Special Sauce,5
Descendents,5
The Suicide Machines,5
The Toasters,5
Sublime,5
Agent Orange,5
Dead Kennedys,5
Sizzla,8
Shabba Ranks,8
Cocoa Tea,8
UB40,5
Richie Spice,8
Yellowman,8
Ziggy Marley,8
Beenie Man,8
Freddie McGregor,8
Shelby Lynne,19
Sheryl Crow,5
Billy Joe Royal,19
Carlene Carter,19
Lyle Lovett,5
Janis Joplin,5
Nanci Griffith,19
Melissa Etheridge,5
k.d. lang,5
Bon Jovi,5
Slaughter,5
David Lee Roth,5
Whitesnake,5
Sammy Hagar,5
Paul Collins,5
Tommy James & the Shondells,5
Yaz,5
Amber,12
Booker Little,3
Terence Blanchard,3
Lee Morgan,3
Woody Shaw,3
Clifford Brown,3
Freddie Hubbard,3
Eric Dolphy,3
Art Blakey,3
Wynton Marsalis,3
Doris Day,7
Shelley Fabares,5
Trick Pony,19
Lonestar,19
Restless Heart,19
Toby Keith,19
Bruce Springsteen,5
Willie Nelson,19
Tim McGraw,19
Highway 101,19
Joe Diffie,19
Alabama,19
Buck Owens,19
Slash,5
Eddie Hazel,4
Johnny Thunders,5
Rory Gallagher,0
Mick Ronson,5
Shenandoah,19
The Oak Ridge Boys,19
Stephen Malkmus,5
The Flying Burrito Brothers,5
Bert Jansch,17
Sleep,5
Celtic Frost,5
Pentagram,5
Hawkwind,5
Ani DiFranco,5
Tegan and Sara,5
Concrete Blonde,5
Ben Folds,5
Fiona Apple,5
Mary Margaret O'Hara,5
The Tragically Hip,5
Bratmobile,5
Throwing Muses,5
Dave Van Ronk,17
Chuck Mangione,3
Chet Baker,3
Maynard Ferguson,3
Art Farmer,3
Cannonball Adderley,3
Herb Alpert,15
Herbie Mann,3
Tribal Tech,3
Jean-Luc Ponty,3
Mahavishnu Orchestra,3
Weather Report,3
Return to Forever,3
Discharge,5
Saxon,5
Angel Witch,5
Fear,5
Patty Griffin,5
Bruce Cockburn,5
Arlo Guthrie,17
Daniel Lanois,5
Dave Matthews Band,5
Kreator,5
Amon Amarth,5
Bathory,5
Percy Faith,15
Paul Mauriat,15
Ten Foot Pole,5
Temple of the Dog,5
Hoyt Axton,19
? & the Mysterians,5
The Troggs,5
The Standells,5
Don Covay,4
Death,5
Terrorizer,5
Steps Ahead,3
The KLF,12
Stereo MC's,12
808 State,12
Dottie West,19
Shelly West,19
Stephen Bishop,5
Bread,5
Ted Hawkins,0
Paul Rodgers,5
10cc,5
Sherbet,5
Ken Boothe,8
Stephen Marley,8
Rita Marley,8
John Holt,8
Dennis Brown,8
Bunny Wailer,8
Amon Tobin,12
Eddie Palmieri,13
Tom ZÃ©,18
Shirley Collins,17
Alan Lomax,17
Amy Grant,2
Melissa Manchester,5
Debby Boone,2
Gov't Mule,5
Tea Leaf Green,5
Hot Tuna,5
Phish,5
Skindred,5
Gang of Four,5
The Police,5
Kraftwerk,12
Trio,5
Soul II Soul,4
Grace Jones,4
Depeche Mode,5
Neneh Cherry,5
The Specials,5
Siouxsie and the Banshees,5
Slave,4
Parliament,4
Larry Levan,4
Shep Pettibone,12
Tom Moulton,4
Falco,5
Technotronic,12
Kirk Whalum,3
Steve Cole,3
David Sanborn,3
Grover Washington, Jr.,3
The Apples in Stereo,5
Kaleidoscope,5
The Turtles,5
XTC,5
Silver Apples,5
The Left Banke,5
Van Dyke Parks,5
Sebadoh,5
My Bloody Valentine,5
Terrance Simien,18
Sleater-Kinney,5
Babes in Toyland,5
L7,5
Courtney Love,5
Delta 5,5
The Slits,5
X-Ray Spex,5
Bikini Kill,5
The Go-Betweens,5
Elastica,5
Elliott Smith,5
Andrew Bird,5
Eels,5
Morphine,5
StÃ©phane Grappelli,3
Skid Row,5
Cheap Trick,5
MÃ¶tley CrÃ¼e,5
Loverboy,5
Quiet Riot,5
Hanoi Rocks,5
Terry Allen,19
Gary Stewart,19
Doug Sahm,5
Ramblin' Jack Elliott,17
Buddy Holly,5
Townes Van Zandt,17
John Prine,5
Stereolab,5
Steve Reich,6
The Free Design,5
Chrome,5
Cocteau Twins,5
Serge Gainsbourg,5
FranÃ§oise Hardy,5
The Rockets,5
Martin Denny,15
Neu!,12
Os Mutantes,18
Yoko Ono,5
Arthur Lyman,15
Cabaret Voltaire,5
Can,5
Henry Mancini,15
The Association,5
China Crisis,5
France Gall,5
Philip Glass,6
Brigitte Fontaine,5
Skin Yard,5
Bob Seger,5
Paula Cole,5
Christine McVie,5
Jane Siberry,5
Suzanne Vega,5
SinÃ©ad O'Connor,5
Smokie Norful,2
Kirk Franklin,2
BeBe & CeCe Winans,2
Donny Hathaway,4
The Staple Singers,4
Terry Stafford,5
Paulina Rubio,13
VerÃ³nica Castro,13
Lucia Mendez,13
Ana Gabriel,13
Sleeping at Last,5
BjÃ¶rk,5
Terry Callier,4
Wayne Shorter,3
Pete Seeger,17
Pharoah Sanders,3
The New Lost City Ramblers,17
Oscar Brown, Jr.,7
Shinedown,5
Saliva,5
Jerry Cantrell,5
Lester Young,3
Paul Quinichette,3
Magic Sam,0
Jimmy Rogers,0
Willie Dixon,0
Slim Smith,8
Sneaker Pimps,5
Everything But the Girl,5
Primal Scream,5
Orchestral Manoeuvres in the Dark,5
The Modern Jazz Quartet,3
The 5th Dimension,5
Johnny Rivers,5
Sloan,5
The 88,5
Terry Jacks,5
Smokey Robinson & the Miracles,4
Larry Williams,4
Sam & Dave,4
The Temptations,4
Slim Whitman,19
Roy Rogers,19
Trixter,5
Smash Mouth,5
Billy Idol,5
Green Day,5
Madness,5
The English Beat,5
INXS,5
Joe Jackson,5
Shocking Blue,5
Terry Reid,5
Steve Winwood,5
Robert Wyatt,5
Rod Stewart,5
Tim Hardin,5
Tim Buckley,5
Cal Tjader,3
Frankie Miller,19
Ronnie Lane,5
Mick Jagger,5
Wings,5
Tesla,5
Billy Squier,5
Rainbow,5
Ace Frehley,5
Mott the Hoople,5
UFO,5
Peggy Lee,7
Nelson Riddle,15
Anita O'Day,7
Keely Smith,7
Lena Horne,7
Fats Domino,4
The Marvelettes,4
Carl Perkins,5
Eddie Cochran,5
Gene Vincent,5
Free,5
Joe Tex,4
The Spencer Davis Group,5
The Rubinoos,5
Jellyfish,5
The Plimsouls,5
The Soft Boys,5
The Wedding Present,5
Johnny Mandel,3
AndrÃ© Previn,6
Oscar Peterson,3
Slowdive,5
The Durutti Column,5
The Primitives,5
Pale Saints,5
Talk Talk,5
Shirley Horn,3
Maxine Sullivan,7
Tevin Campbell,4
Babyface,4
Al B. Sure!,4
The O'Jays,4
Jim Morrison,5
Roy Hamilton,4
Nat King Cole,3
James Cleveland,2
Johnny Ace,4
Craig Armstrong,5
Steve Jablonsky,1
AndraÃ© Crouch,2
Procol Harum,5
Sodom,5
Thin Lizzy,5
Accept,5
KC & the Sunshine Band,4
Anastacia,5
Destiny's Child,4
Jennifer Lopez,5
Annie Lennox,5
ABBA,5
The Jam,5
J.J. Cale,5
The Monkees,5
Blur,5
Smog,5
Nick Drake,5
R. Stevie Moore,5
Michael Hurley,17
Daniel Johnston,5
Simian,5
Mercury Rev,5
Air,12
The United States of America,5
The Everly Brothers,5
Ladysmith Black Mambazo,18
Jackson C. Frank,17
Fela Kuti,18
Fred Neil,17
Johnny Maestro,4
Dion,5
The Righteous Brothers,5
The Moonglows,4
Miriam Makeba,18
Milton Nascimento,13
The Cadillacs,4
Youssou N'Dour,18
King Sunny Ade,18
Andy Gibb,5
Snot,5
Smoke City,12
Maria BethÃ¢nia,18
Gilberto Gil,18
Iris DeMent,19
The Be Good Tanyas,5
Uncle Tupelo,5
Jean Ritchie,17
The Beat,5
Software,10
Wynona Carr,2
Dorothy Norwood,2
Tex Williams,19
Robyn,5
Sophie Ellis-Bextor,5
Susan Ashton,2
Phil Ochs,17
Steve Goodman,17
Tom Rush,17
Woody Guthrie,17
Jerry Jeff Walker,19
Triumph,5
Grand Funk Railroad,5
Wishbone Ash,5
Paul Thorn,5
Texas,5
Ry Cooder,5
Aztec Camera,5
Son Seals,0
Earl Hooker,0
Johnny "Guitar" Watson,0
The Beautiful South,5
Electric Light Orchestra,5
Morrissey,5
Bobby Womack,4
Roy Brown,4
Kenny Chesney,19
Andy Griggs,19
Mark Chesnutt,19
Billy Dean,19
Montgomery Gentry,19
Suzi Quatro,5
Tommy Roe,5
Gary Glitter,5
Super Cat,8
Horace Andy,8
I-Roy,8
Buju Banton,8
Supertramp,5
Barclay James Harvest,5
Siedah Garrett,4
Andy Kim,5
The Archies,5
The Crystals,4
Little Eva,4
The Chills,5
Superchunk,5
Let's Active,5
HÃ¼sker DÃ¼,5
The Undertones,5
Steve Earle,19
Joe Ely,19
John Anderson,19
Jessi Colter,19
NRBQ,5
The Pogues,5
Tom T. Hall,19
Guy Clark,19
Levon Helm,5
Paul Young,5
Billy Paul,4
Joe Cocker,5
ABC,5
Harold Melvin & the Blue Notes,4
Ann Peebles,4
Erroll Garner,3
Andrew Hill,3
Barry Harris,3
The Flamingos,4
The Belmonts,4
The Clovers,4
The Duprees,4
The Skyliners,4
The Fleetwoods,5
Paw,5
King Missile,5
Talking Heads,5
They Might Be Giants,5
Warren Zevon,5
Violent Femmes,5
Suicide,5
Wire,5
Throbbing Gristle,5
DNA,5
The Four Aces,7
The Ink Spots,7
The Mills Brothers,7
Barry White,4
Hot Chocolate,4
Roy Ayers,3
Gil Scott-Heron,4
Peabo Bryson,4
Enchantment,4
Johnny Mathis,7
Maria Muldaur,5
Mavis Staples,4
Hank Snow,19
Big Mama Thornton,0
LaVern Baker,4
Sick of It All,5
Minor Threat,5
Murphy's Law,5
Agnostic Front,5
Gorilla Biscuits,5
Sonny & Cher,5
Peaches & Herb,4
Steve Harley,5
Billy Fury,5
Shriekback,5
Andy Black,5
Shonen Knife,5
Joan Jett & the Blackhearts,5
Jonathan Richman,5
The Go-Go's,5
Shooter Jennings,19
Dire Straits,5
Robert Earl Keen,17
Silk,4
Jodeci,4
Full Force,4
Montell Jordan,4
Smoking Popes,5
7 Seconds,5
The Cars,5
Big Black,5
Queen,5
Ric Ocasek,5
Steve Kuhn,3
Hank Jones,3
George Shearing,3
Cecil Taylor,3
Marty Robbins,19
Sonny James,19
Jim Reeves,19
Sonny Clark,3
Sonny Sharrock,3
Ornette Coleman,3
The Bellamy Brothers,19
The Statler Brothers,19
Brewer & Shipley,5
Perry Como,7
Steve Tyrell,7
Hamza el Din,18
Bad Company,5
Dead Boys,5
Dead Moon,5
Minutemen,5
Hurt,5
Victor Jara,17
Silvio RodrÃ­guez,13
Andy MontaÃ±ez,13
The Alarm,5
The Bats,5
Split Enz,5
The Bobby Fuller Four,5
Social Distortion,5
D.O.A.,5
Snow Patrol,5
Crash Test Dummies,5
The Cardigans,5
Coldplay,5
Mogwai,5
Allan Jones,7
Eydie Gorme,7
Frankie Laine,7
Vic Damone,7
Dean Martin,7
Johnnie Ray,7
Bobby Charles,5
Duane Eddy,5
Lefty Frizzell,19
Ronnie Hawkins,5
P.P. Arnold,4
Soft Cell,5
Shirley Ellis,4
Gloria Jones,5
Iggy Pop,5
Angie Stone,4
Betty Davis,4
Lamont Dozier,4
Cissy Houston,4
Lalah Hathaway,4
Jamiroquai,4
Lenny Kravitz,5
Ashford & Simpson,4
Willie Mitchell,4
Regina Belle,4
The Undisputed Truth,4
Frankie Lymon,4
Jan & Dean,5
Davy Graham,17
The Associates,5
The Damned,5
Hot Water Music,5
Pegboy,5
Screeching Weasel,5
Naked Raygun,5
Operation Ivy,5
The Offspring,5
Avail,5
Propagandhi,5
Faces,5
The Bluetones,5
Pulp,5
Soilwork,5
Meshuggah,5
Entombed,5
Survivor,5
Journey,5
Sonny Stitt,3
Fats Navarro,3
Blind Boy Fuller,0
Sonny Terry,0
Big Walter Horton,0
Sonny Boy Williamson I,0
The Ataris,5
Face to Face,5
Barenaked Ladies,5
Less Than Jake,5
Weezer,5
Pennywise,5
NOFX,5
Built to Spill,5
Lagwagon,5
Down by Law,5
Richard Hell,5
The Vandals,5
Johnny Otis,0
Songs: Ohia,5
Bonnie "Prince" Billy,5
Red House Painters,5
Swell,5
Steve Roach,10
Cluster,12
Popol Vuh,12
The Black Dahlia Murder,5
Morbid Angel,5
Audioslave,5
Screaming Trees,5
Mudhoney,5
Green River,5
The Sound,5
Andrew W.K.,5
Europe,5
Obituary,5
Foreigner,5
Nino Rota,1
Angelo Badalamenti,1
Bernard Herrmann,1
Solange,4
Patrice Rushen,4
The Kingston Trio,17
The Blues Project,5
Incubus,5
Audiovent,5
The Beta Band,5
The Incredible String Band,17
Beck,5
Moby,12
Jethro Tull,5
The Chantels,4
Angel,5
Jerry Lewis,14
Steve Martin,14
Richard Pryor,14
Monty Python,14
George Carlin,14
The Smothers Brothers,14
Susan Tedeschi,0
Koko Taylor,0
Big Brother & the Holding Company,5
Robert Cray,0
Junior Wells,0
Groove Armada,12
The Avalanches,12
DJ Shadow,12
The Spinners,4
The Dave Clark Five,5
Roy Orbison,5
Steven Curtis Chapman,2
Keith Green,2
Michael W. Smith,2
Angela McCluskey,5
Macy Gray,4
Sandy Denny,17
Beth Orton,5
Malvina Reynolds,17
Steve Wariner,19
Chet Atkins,19
Charley Pride,19
Don Williams,19
Marilyn Monroe,7
The Shirelles,4
The Music Machine,5
The Chocolate Watchband,5
Nico,5
Beth Hart,5
Swell Maps,5
J.B. Lenoir,0
Otis Rush,0
Celia Cruz,13
Angela Carrasco,13
Bill Monroe,19
The Louvin Brothers,19
Doc Watson,17
Leo Kottke,17
John Renbourn,17
John Fahey,17
Bukka White,0
Burl Ives,17
Grant Green,3
Sweetback,4
Otis Spann,0
Branford Marsalis,3
Jackie McLean,3
Joe Henderson,3
Los Lobos,5
Steve Vai,5
Eddie Van Halen,5
John McLaughlin,3
Robert Fripp,5
Al Di Meola,3
The Mars Volta,5
Egg,5
Shuggie Otis,4
Billy Cobham,3
Kyuss,5
Utopia,5
David Grisman,19
Mike Marshall,18
Bernadette Peters,7
Sutton Foster,1
The Ames Brothers,7
Dick Hyman,3
Suzanne Ciani,10
Berlin,5
Soulive,3
Jimmy McGriff,3
The Crusaders,3
Medeski, Martin & Wood,3
The Brand New Heavies,4
Incognito,4
Joe Sample,3
The Big Bopper,5
Beth Nielsen Chapman,19
The Jordanaires,19
Johnny Burnette,5
Jim & Jesse,19
The Stanley Brothers,19
Edwin Starr,4
Barrett Strong,4
William Bell,4
Bill Doggett,4
Syl Johnson,4
Brenton Wood,4
Joe Simon,4
Joan Baez,17
Billy Bragg,5
John Gorka,17
Willie Nile,5
Greg Brown,17
Keith Urban,19
Blake Shelton,19
Gary Allan,19
Earl Thomas Conley,19
Vern Gosdin,19
Guitar Slim,0
Thad Jones,3
Randy Newman,5
Gerry Mulligan,3
Gil Evans,3
The Buckinghams,5
John Martyn,17
Prefab Sprout,5
Susannah McCorkle,7
Sylvia Telles,13
Margaret Whiting,7
Blossom Dearie,7
Elis Regina,18
June Christy,7
Steven Wright,14
Bob Newhart,14
James Carr,4
John Mellencamp,5
Silverstein,5
Sum 41,5
The Get Up Kids,5
Jimmy Eat World,5
Marine Girls,5
The Big Wu,5
Silverchair,5
The Black Crowes,5
The Marshall Tucker Band,5
James Gang,5
Eric Burdon,5
John Fogerty,5
Rare Earth,5
Humble Pie,5
Derek & the Dominos,5
Lowell George,5
Savoy Brown,5
Buddy Miles,5
Blancmange,5
KMFDM,5
Soulwax,12
Atreyu,5
Madball,5
Cradle of Filth,5
Refused,5
Debbie Reynolds,7
Julie London,7
Nana Mouskouri,7
Marlene Dietrich,7
Barbra Streisand,7
Blu Cantrell,4
Toni Braxton,4
Betty Carter,7
Switchfoot,5
Jars of Clay,5
Live,5
Petra,2
MxPx,5
dc Talk,2
Simple Plan,5
Fastball,5
Rancid,5
blink-182,5
Bowling for Soup,5
Yellow Magic Orchestra,12
Susumu Yokota,12
Betty Harris,4
Big Maybelle,0
The Blackbyrds,4
Simple Minds,5
Magazine,5
Kool & the Gang,4
Steven Tyler,5
Robert Plant,5
Gary Moore,5
David Gilmour,5
Peter Green,5
Meat Puppets,5
Soul Asylum,5
The Call,5
Canned Heat,5
Sin Bandera,13
The Angels,5
The Lost Trailers,19
The Charlie Daniels Band,19
Maurice Jarre,1
Thievery Corporation,12
Bent,12
J.J. Johnson,3
Bob Brookmeyer,3
Jack Kerouac,14
Roy Harper,5
The Monks,5
The Red Krayola,5
The Seeds,5
Peter Hammill,5
Charlotte Church,6
The Corrs,5
CÃ©line Dion,5
Sarah Brightman,7
Natalie Imbruglia,5
Luciano Pavarotti,6
Cecilia Bartoli,6
Andrea Bocelli,6
Loreena McKennitt,17
Enya,10
The Manhattans,4
Carpenters,5
Gerry & the Pacemakers,5
The Cowsills,5
The Beau Brummels,5
Lou Christie,5
Marco Antonio SolÃ­s,13
Chayanne,13
Miguel BosÃ©,13
The Fixx,5
Augustus Pablo,8
Jackie Mittoo,8
The Wailers,8
Carmen Miranda,7
Beth Carvalho,13
Elizeth Cardoso,13
Louis Prima,3
Big Bad Voodoo Daddy,5
Harry Connick, Jr.,7
Eden Ahbez,15
Bloodstone,4
The Andrews Sisters,7
Rosemary Clooney,7
Dan Hicks & His Hot Licks,5
The Fantastic Four,4
Don Omar,13
Aventura,13
Monchy & Alexandra,13
Wynonie Harris,4
Conflict,5
The Casualties,5
U.K. Subs,5
The Headhunters,3
Azymuth,3
Tamba Trio,13
Deodato,13
Marcos Valle,13
Blue States,12
David Axelrod,5
The Chambers Brothers,4
The Coasters,4
B*Witched,5
Backstreet Boys,5
Debbie Gibson,5
The Skatalites,8
Bob Andy,8
Bob Moses,3
Rahsaan Roland Kirk,3
Bilal,4
Eddie Kendricks,4
B-Movie,5
Bleu Edmondson,19
The Flying Lizards,12
Devo,5
The Residents,5
B.J. Thomas,19
Charlie Rich,19
Bill Anderson,19
Betty Buckley,7
Betty Everett,4
Long John Baldry,0
Pentangle,17
Bob Mould,5
Brian Wilson,5
Del Shannon,5
Dr. Feelgood,5
Percy Mayfield,4
Brinsley Schwarz,5
Dan Penn,5
Colin Blunstone,5
Charlie Louvin,19
The Faint,5
Eurythmics,5
Love and Rockets,5
The The,5
A Flock of Seagulls,5
Death in Vegas,12
Thomas Dolby,5
The Chords,5
Little Willie John,4
The Lettermen,7
Bernie Worrell,4
The Sonics,5
King Curtis,4
Bleeding Through,5
Emperor,5
B.T. Express,4
The Explosion,5
The Business,5
Blitz,5
Autograph,5
The Coral,5
Julian Cope,5
The Proclaimers,5
The Strokes,5
The Teardrop Explodes,5
Stereophonics,5
Mungo Jerry,5
The Jackson 5,4
The Whispers,4
The Brothers Johnson,4
DeBarge,4
Morris Day,4
The Modern Lovers,5
Freddie Jackson,4
Luther Vandross,4
Lionel Richie,4
Jon Lucien,7
Baaba Maal,18
Manu Dibango,3
Hugh Masekela,3
Orchestra Baobab,18
The Penguins,4
Johnny Kidd & the Pirates,5
Dick Dale,5
Beulah,5
Yo La Tengo,5
Babylon A.D.,5
Mike Seeger,17
Bachman-Turner Overdrive,5
Bobby Rydell,5
Avant,4
Brian McKnight,4
Avalon,2
The Clientele,5
The Walker Brothers,5
Felt,5
Chad & Jeremy,5
Frankie Avalon,5
Bobby Sherman,5
Circle Jerks,5
The Vibrators,5
Stiff Little Fingers,5
Blue Rodeo,5
Ian Tyson,19
My Chemical Romance,5
The Receiving End of Sirens,5
The Ravens,7
The Hooters,5
Jimmy Martin,19
Flatt & Scruggs,19
Chuck Willis,4
Bill Henderson,7
Dick Haymes,7
Michael Ball,7
Biffy Clyro,5
Jeff Lynne,5
Bobby "Boris" Pickett,5
Ahmad Jamal,3
Bob James,3
Vince Guaraldi,3
Les McCann,3
Ramsey Lewis,3
Wynton Kelly,3
Gene Harris,3
The Congos,8
Yabby You,8
Bobby Bare,19
Conway Twitty,19
The Flys,5
Paul Bley,3
Barney Kessel,3
Bola Sete,3
Tal Farlow,3
The Field Mice,5
Billy Lee Riley,5
Cisco Houston,17
Ewan MacColl,17
Roscoe Holcomb,17
Elizabeth Cotten,17
John Jacob Niles,17
Mississippi Sheiks,0
SeÃ¡n Ã“ Riada,18
The Chieftains,18
Los Fabulosos Cadillacs,13
BabasÃ³nicos,13
Oscar Lopez,13
ManÃ¡,13
The Chemical Brothers,12
Happy Mondays,5
Big Audio Dynamite,5
This Mortal Coil,5
M/A/R/R/S,12
The Bobbettes,4
Marty Stuart,19
Eddie Rabbitt,19
Joe Walsh,5
Jimmy Raney,3
Johnny Smith,3
B2K,4
Kenny G,3
Jeff Lorber,3
John Klemmer,3
Lee Ritenour,3
Narada Michael Walden,3
Kashif,4
Hank Crawford,3
Tom Scott,3
Lydia Lunch,5
The Runaways,5
Girlschool,5
Peggy Seeger,17
Paul Desmond,3
Bob Marley & the Wailers,8
Eddie Money,5
Peter Frampton,5
Meat Loaf,5
Night Ranger,5
Montrose,5
Asia,5
The Dubliners,18
The Irish Rovers,18
Bill Keith,19
Earl Scruggs,19
Roger Miller,19
Johnny Horton,19
Harry Chapin,5
John Denver,5
Dick Gregory,14
Bill Cosby,14
Mel Brooks,14
Gossip,5
'Til Tuesday,5
The Breeders,5
The White Stripes,5
Big Mountain,8
Third World,8
The Selecter,5
Israel Vibration,8
Tommy James,5
The Greenhornes,5
The Fugitives,5
The Gories,5
Ian & Sylvia,17
The Modernaires,7
The Pied Pipers,7
Il Divo,7
Michael Crawford,1
Bill Callahan,5
Ernest Tubb,19
The Kentucky Headhunters,19
REO Speedwagon,5
Ikon,12
Martin Gore,5
Psychic TV,5
Circa Survive,5
Finch,5
UnderÃ¸ath,5
The Handsome Family,5
Delaney & Bonnie,5
The Gap Band,4
Earth, Wind & Fire,4
Archie Bell & the Drells,4
Bob Schneider,5
Bill Fay,5
Dave Bartholomew,4
Lloyd Price,4
Kelly Rowland,4
Beverley Knight,4
The Cleftones,4
Jon Foreman,5
The Limeliters,17
Bill Frisell,3
Jim Hall,3
Gary Burton,3
Pat Martino,3
Bobby Day,4
Jesse Belvin,4
The Hives,5
The Electric Prunes,5
The Real Kids,5
Lyres,5
Bill Bruford,5
Soft Machine,5
Skinny Puppy,5
John Tesh,10
Ken Elkinson,10
Mikey Dread,8
Cornell Campbell,8
Alton Ellis,8
The Jeff Healey Band,5
Chris Rea,5
Johnny Winter,0
Bob Sinclar,12
Bad Manners,5
Prince Buster,8
Millie Small,8
Roxette,5
Natalie Merchant,5
Sophie B. Hawkins,5
The Waterboys,5
Ian Hunter,5
Prince Far I,8
Billy Ray Cyrus,19
David Gates,5
Richard "Groove" Holmes,3
Cowboy Troy,19
Jerry Reed,19
Big & Rich,19
Junior Parker,0
Brownie McGhee,0
The Meters,4
Bad English,5
Ivie Anderson,7
Bobby Short,7
Information Society,5
Heaven 17,5
The Art of Noise,5
King Pleasure,7
Slim & Slam,7
Bobby Vee,5
Youth Group,5
Badly Drawn Boy,5
Alphaville,5
The Commitments,5
Johnny Nash,4
Body Count,5
The Communards,5
Culture Club,5
Inner Circle,8
Bounty Killer,8
Frankie Paul,8
Wayne Smith,8
Max Romeo,8
A Certain Ratio,5
Billy Joel,5
Larry Norman,2
Phil Keaggy,2
Insane Clown Posse,5
Rob Zombie,5
GWAR,5
Kevin Ayers,5
The Bonzo Dog Band,5
The Living End,5
Midnight Oil,5
The Reverend Horton Heat,5
Stray Cats,5
Kesha,5
Peaches,12
The Crew Cuts,5
Billy Gilman,5
John Michael Montgomery,19
Boys Don't Cry,5
The Libertines,5
Sham 69,5
Johnny Thunders & the Heartbreakers,5
Anti-Nowhere League,5
Gerry Rafferty,5
Paul Winter,10
Deuter,10
Jermaine Jackson,4
Keith Washington,4
Ray Brown,3
Bobby Hutcherson,3
Milt Jackson,3
Biosphere,12
The Orb,12
Cher,5
Mel Tillis,19
Hawkshaw Hawkins,19
Michael Martin Murphey,19
Mac McAnally,19
Lee Greenwood,19
Richard Marx,5
Rick Springfield,5
The Mavericks,19
Bryan White,19
Black Uhuru,8
The Heptones,8
Culture,8
Billy Currington,19
Roy Eldridge,3
Kenny Loggins,5
Alex de Grassi,10
Duke Jordan,3
Kenny Drew,3
John Lewis,3
Hampton Hawes,3
Boney James,3
Donald Byrd,3
Ike Quebec,3
Kenny Lattimore,4
The Intruders,4
Commissioned,2
The Winans,2
The Clark Sisters,2
Charlie Walker,19
Boyzone,5
Jason Donovan,5
Ian Dury,5
Kevin Coyne,5
The Foundations,4
The Creation,5
The Outsiders,5
Sweet,5
Argent,5
Kirsty MacColl,5
Maddy Prior,18
Sandie Shaw,5
Richard & Linda Thompson,5
LCD Soundsystem,5
Kele,5
India.Arie,4
Dionne Farris,4
Cassandra Wilson,7
Meshell Ndegeocello,4
Michael Hedges,10
Keller Williams,5
Freddie Mercury,5
Kleeer,4
Iron and Wine,5
Cat Power,5
Bongzilla,5
Crowbar,5
Kelis,4
Rick James,4
Raphael Saadiq,4
Millie Jackson,4
Gene Pitney,5
Aaron Neville,4
The Gaylads,8
Mighty Sparrow,18
Lord Kitchener,18
Wolfmother,5
Cinderella,5
Queens of the Stone Age,5
Karla Bonoff,5
Barbara Mandrell,19
Irene Cara,5
Children of Bodom,5
Kelly Clarkson,5
Deborah Cox,4
Lita Ford,5
Alanis Morissette,5
P!nk,5
The Knack,5
The Knickerbockers,5
Bay City Rollers,5
Graham Parker,5
The Nerves,5
Dave Dee, Dozy, Beaky, Mick & Tich,5
The McCoys,5
Sonny Bono,5
Kem,4
Al Jarreau,7
Ill NiÃ±o,5
Nada Surf,5
The Juliana Theory,5
Hank Ballard,4
Kelly Price,4
Foghat,5
Hoobastank,5
Tuck & Patti,3
Kindred the Family Soul,4
Womack & Womack,4
The Jayhawks,5
Gene Clark,5
Michael Nesmith,5
Billy Ocean,4
King,4
The Jesus Lizard,5
The Jets,5
The Osmonds,5
The Five Stairsteps,4
Sun,4
Alla Rakha,18
Collin Walcott,3
Ali Akbar Khan,18
The Legendary Pink Dots,5
Amanda Palmer,5
Christian Death,5
Nina Hagen,5
Chris Knight,19
The Last Poets,3
Archie Shepp,3
Chely Wright,19
Wynonna,19
Todd Terry,12
Black Box,12
Giorgio Moroder,5
Loleatta Holloway,4
King Floyd,4
Hawk Nelson,5
Third Day,2
Eddie & the Hot Rods,5
Colosseum,5
Freddie King,0
James Horner,1
Patrick Doyle,1
John Williams,1
The Dictators,5
Chevelle,5
Clutch,5
Joe Strummer,5
Black Grape,5
Black Ivory,4
King Radio,18
Keyshia Cole,4
Monica,4
Aaliyah,4
Xscape,4
Christina Aguilera,5
The Bottle Rockets,5
Harold Melvin,4
Black Label Society,5
Monster Magnet,5
Fu Manchu,5
Inspiral Carpets,5
The Stranglers,5
Robert Palmer,5
James Booker,0
Harry Belafonte,7
Black Oak Arkansas,5
Bowery Electric,5
Spiritualized,5
Koffee Brown,4
Tony! Toni! TonÃ©!,4
Mint Condition,4
Bow Wow Wow,5
Adam Ant,5
Mother Maybelle Carter,19
Hank Thompson,19
Clark Terry,3
Zoot Sims,3
Kenny Dorham,3
Mickey & Sylvia,4
The Rance Allen Group,2
Imogen Heap,5
Flora Purim,13
Todd Edwards,12
Laurie Anderson,11
Kings of Convenience,5
a-ha,5
The Sea and Cake,5
Art Garfunkel,5
Aimee Mann,5
Gong,5
Bonobo,12
Chico Buarque,18
JoÃ£o Donato,13
Dori Caymmi,13
Luiz BonfÃ¡,13
VinÃ­cius de Moraes,13
Roberto Menescal,13
Astrud Gilberto,13
Interpol,5
Catherine Wheel,5
ESG,4
Josef K,5
Jerry Garcia,5
A.C. Reed,0
Son House,0
Mississippi Fred McDowell,0
Blackfoot,5
Kinky,18
Hubert Sumlin,0
Kingdom Come,5
Chris Hillman,19
Pestilence,5
Freedy Johnston,5
Birdy,5
Bonnie Tyler,5
Bracket,5
Superdrag,5
The Muffs,5
BlackHawk,19
Carnivore,5
Kings of Leon,5
The Georgia Satellites,5
Colin Hay,5
Booker Ervin,3
Kittie,5
Con Funk Shun,4
Kim Carnes,5
Samiam,5
BoySetsFire,5
The International Submarine Band,5
Ed Ames,7
Lenny Welch,5
Jerry Vale,7
Al Martino,7
Hawthorne Heights,5
AFI,5
Thursday,5
Death Cab for Cutie,5
Nazareth,5
Atomic Rooster,5
Uriah Heep,5
Klaatu,5
Jack Ingram,19
Lionel Cartwright,19
Radney Foster,19
Hal Ketchum,19
Henry Lee Summer,5
kidneythieves,5
Kix,5
Vashti Bunyan,17
Scandal,5
Cornelius,5
The Kills,5
The Jon Spencer Blues Explosion,5
India,13
RubÃ©n Blades,13
La Lupe,13
The Long Winters,5
Charlie Wilson,4
Levi Stubbs,4
Willie Hutch,4
LaShun Pace,2
Book of Love,5
Chris Tomlin,2
Mark Harris,2
Michael Card,2
Newsboys,2
Labradford,5
Chase,5
Jay McShann,3
Buck Clayton,3
The Pussycat Dolls,5
Wendy & Lisa,5
Pharrell Williams,4
Larry Heard,12
LFO,5
Ivy,5
Control,13
Charlie Ventura,3
Jack Nitzsche,5
Level 42,5
The Rippingtons,3
Gregory Abbott,4
Ralph Tresvant,4
Joe Pass,3
Santo & Johnny,5
Jack Off Jill,5
Choking Victim,5
Julio Iglesias,7
Astor Piazzolla,13
Bobby Vinton,7
Jack Jones,7
Robert Goulet,7
Chuck Jackson,4
Chris Kenner,4
Gloria Lynne,4
Hellhammer,5
Raven,5
Lani Hall,7
Kate Wolf,17
Christian McBride,3
Charlie Haden,3
Scott LaFaro,3
Ron Carter,3
Dave Holland,3
Stanley Clarke,3
Paul Chambers,3
Hank Mobley,3
Jaci Velasquez,2
Jack DeJohnette,3
Tony Williams,3
The Easybeats,5
Kottonmouth Kings,5
The Mighty Mighty Bosstones,5
Moondog,11
Sun Ra,3
Coheed and Cambria,5
QueensrÃ¿che,5
Every Avenue,5
Dream Theater,5
Collective Soul,5
King's X,5
Chris Botti,3
Michael Bolton,5
Fourplay,3
Dave Koz,3
Wizzard,5
Cody ChesnuTT,4
Cold,5
Limp Bizkit,5
Godsmack,5
Krokus,5
Colby O'Donis,4
Usher,4
Justin Timberlake,5
*NSYNC,5
Jonathan Winters,14
Chris Cagle,19
Cilla Black,5
Lulu,5
Rufus Thomas,4
Kruder & Dorfmeister,12
Orbital,12
Aphex Twin,12
William Orbit,12
Lakeside,4
Chris LeDoux,19
Kimya Dawson,5
Tullycraft,5
The Mountain Goats,5
DJ Nelson,13
Luny Tunes,13
El General,13
Jane Birkin,5
Isobel Campbell,5
Mazzy Star,5
Cherrelle,4
Evelyn "Champagne" King,4
Melba Moore,4
Kristin Chenoweth,7
Sandi Patty,2
Bebe Neuwirth,14
Mitzi Gaynor,7
Israel & New Breed,2
Fred Hammond,2
Lalo RodrÃ­guez,13
The Zutons,5
Dexys Midnight Runners,5
The Boomtown Rats,5
Edie Brickell & New Bohemians,5
Cheryl Wheeler,17
It's a Beautiful Day,5
Chemlab,5
Chris Duarte,5
Chris Montez,5
The Psychedelic Furs,5
The Adverts,5
Veruca Salt,5
Jackyl,5
Panda Bear,5
Boards of Canada,12
The Abyssinians,8
IsmaÃ«l LÃ´,18
Garland Jeffreys,5
Jain,5
Oumou Sangare,18
Crazy Town,5
The Ides of March,5
Chico CÃ©sar,13
Gal Costa,13
Chick Corea,3
Ivan Lins,13
Citizen Cope,5
Ben Harper,5
O.A.R.,5
City Boy,5
Chico DeBarge,4
Chris Whitley,5
Donnie McClurkin,2
Tye Tribbett,2
Israel Houghton,2
Helen Ward,7
Crimson Glory,5
Tom Morello,5
Colin James,5
Jimmie Vaughan,5
John Entwistle,5
Noel Redding,5
Eric Darius,3
David Johansen,5
Joe Hill Louis,0
Commander Cody and His Lost Planet Airmen,5
Christopher Williams,4
Jeffrey Osborne,4
Alexander O'Neal,4
Sylvester,4
Chromeo,5
George Clinton,4
Zapp,4
Daft Punk,12
Daryl Hall & John Oates,5
Yazoo,5
Jah Cure,8
Morgan Heritage,8
Harvey Fuqua,4
Connie Francis,5
Ledisi,4
Karyn White,4
Porter Wagoner,19
PÃ©rez Prado,13
Joe Bataan,13
Clay Walker,19
Joe Bonamassa,0
Diana Ross & the Supremes,4
Comus,5
Claus Ogerman,3
Johnny Guarnieri,3
Luiz Gonzaga,13
Lacy J. Dalton,19
Karen Dalton,17
Billy Ward & the Dominoes,4
The Delta Rhythm Boys,3
Basia,5
Nancy Sinatra,5
Basic Black,4
LeAnn Rimes,19
Chromatics,5
Arthur Russell,11
Marc Almond,12
Visage,5
Liquid Liquid,5
Jack McDuff,3
The Dandy Warhols,5
Confederate Railroad,16
Corey Hart,5
Gato Barbieri,3
Joe Maphis,19
Jimmy Bryant,19
Chris Thomas,5
David Gray,5
Rusted Root,5
Marc Cohn,5
Dave Matthews,5
Taj Mahal,0
Huey Lewis & the News,5
Len,5
Cowboy,5
Camper Van Beethoven,5
Cowboy Mouth,5
The All-American Rejects,5
Cartel,5
Chris Squire,5
Laraaji,10
Jan Garbarek,3
Charles TrÃ©net,7
Cornershop,5
Asha Bhosle,18
The Sugarcubes,5
Cibo Matto,5
Coyote Shivers,5
Craig David,4
Seal,5
Goldie,12
Simply Red,5
Lady Saw,8
Patra,8
Sister Nancy,8
Jacques Dutronc,5
Johnny Hallyday,5
Chris Thomas King,0
Debbie Harry,5
L.T.D.,4
Converge,5
ChristiÃ³n,4
Christopher Cross,5
Laidback Luke,12
Gary Wilson,5
David Byrne,5
Johnny Jenkins,0
R.L. Burnside,0
Craig Morgan,19
Chuck Prophet,5
Lucinda Williams,17
Nick Lowe,5
Jagged Edge,4
Dru Hill,4
Ratt,5
Exodus,5
Coralie ClÃ©ment,5
Vanessa Paradis,5
Brigitte Bardot,5
Jeanne Moreau,7
El Gran Silencio,13
The Fabulous Thunderbirds,5
Christina Milian,4
Richard Swift,5
Harry Nilsson,5
Dave Stewart,5
The Disco Biscuits,5
Widespread Panic,5
Lambchop,5
Frederick Knight,4
Lee Hazlewood,19
Luna,5
Wynn Stewart,19
Al Stewart,5
Jaguares,13
Cindy Walker,19
Lamb,12
Billy Strayhorn,3
Billy Taylor,3
Jackie DeShannon,5
Randy Crawford,4
Angela Bofill,4
Angela Winbush,4
Jackie Paris,7
BeBe Winans,2
Eyeless in Gaza,5
Benny Golson,3
The Highway Q.C.'s,2
Cranes,5
Trey Songz,4
Jack Wagner,5
Marvin Hamlisch,1
The Beloved,5
Country Joe & the Fish,5
The Charlatans,5
The Dirty Dozen Brass Band,3
Preservation Hall Jazz Band,3
Robbie Robertson,5
Mark Knopfler,5
Jack White,5
The Grascals,19
The Del McCoury Band,19
John Abercrombie,3
Tantric,5
Crossfade,5
Clarence "Frogman" Henry,4
Crass,5
The Deviants,5
Arrow,18
Admiral Bailey,8
Big Youth,8
Josey Wales,8
Larry Gatlin,19
Roger Daltrey,5
Crosby, Stills, Nash & Young,5
Cross Canadian Ragweed,19
The Highwaymen,19
Pirates of the Mississippi,19
Spragga Benz,8
Tal Bachman,5
Jacky Terrasson,3
Tony Rice,19
John Hartford,19
Del McCoury,19
Lester Flatt,19
The Dillards,19
Jai Uttal,10
Zakir Hussain,18
Don Cherry,3
Nusrat Fateh Ali Khan,18
The Youngbloods,5
Spoon,5
James Burton,19
The Searchers,5
Squirrel Nut Zippers,5
Asleep at the Wheel,19
Bohannon,4
Jean Shepard,19
Crystal Lewis,2
Crystal Waters,4
Woody Herman,3
Tamar Braxton,4
SWV,4
Dwarves,5
Jo Jo Gunne,5
Fatboy Slim,12
Camille Yarbrough,5
Lalo Schifrin,3
Cristian Castro,13
Juan Gabriel,13
Jamelia,5
Garnett Silk,8
Missy Elliott,4
Carter Burwell,1
Clint Mansell,1
Barry Adamson,5
Elbow,5
Geggy Tah,5
Blind Faith,5
Pat Green,19
Lou Donaldson,3
Gigi Gryce,3
Midlake,5
The Crystal Method,12
Front 242,5
Frankie Knuckles,12
The Wilburn Brothers,19
The Cyrkle,5
The Cover Girls,4
Champion Jack Dupree,0
Fefe Dobson,5
Nelly Furtado,5
The Creatures,5
The Dresden Dolls,5
Zucchero,5
Laura Pausini,5
Cursive,5
Polvo,5
Archers of Loaf,5
Dobie Gray,4
The Dramatics,4
Joe Liggins,0
Raymond Scott,3
Babatunde Olatunji,18
Spirit,5
Oingo Boingo,5
BarlowGirl,5
JoÃ£o Bosco,13
Curtis Fuller,3
Urbie Green,3
Laura Branigan,5
The Country Gentlemen,19
Frankie Goes to Hollywood,5
Malcolm McLaren,5
Yello,12
Esther Phillips,4
The Friends of Distinction,4
Dokken,5
The Darkness,5
Warrant,5
Diamond Head,5
Urge Overkill,5
Poison,5
King Diamond,5
L.A. Guns,5
Great White,5
Turbonegro,5
W.A.S.P.,5
Curtis Stigers,3
Tom Jones,5
Paul Revere & the Raiders,5
Cut Copy,5
Erasure,5
Carl Smith,19
Eddie Murphy,14
Robin Williams,14
Basement Jaxx,12
Inner City,12
Junior Vasquez,12
Jimmy Castor,4
The Prodigy,12
The Future Sound of London,12
Underworld,12
Nightmares on Wax,12
The Dukes of Stratosphear,5
Strawberry Alarm Clock,5
Cusco,10
fIREHOSE,5
The Del Fuegos,5
Mink DeVille,5
Faron Young,19
Fever Tree,5
New Riders of the Purple Sage,5
Bastille,5
Mike Laure,13
Carl Allen,3
Bang Tango,5
Michael Penn,5
Translator,5
20/20,5
Tommy Bolin,5
Cybotron,12
Cutting Crew,5
The Deele,4
James Ingram,4
The Charioteers,2
Eddy Raven,19
Le Tigre,5
Luscious Jackson,5
Clay Aiken,5
Eric Carmen,5
Leo Sayer,5
Air Supply,5
Cutty Ranks,8
Eve 6,5
Matchbox Twenty,5
Better Than Ezra,5
Dirty Projectors,5
Anthony Green,5
Taking Back Sunday,5
Pedro the Lion,5
Glassjaw,5
The Presidents of the United States of America,5
Howard Tate,4
Little Milton,0
The Distillers,5
Carolyn Hester,17
Jerry Goldsmith,1
The Box Tops,5
Chapterhouse,5
Dead Can Dance,5
Johnny Shines,0
Leaf Hound,5
Elmer Bernstein,1
Earl Klugh,3
Charlie Byrd,3
Herb Ellis,3
Tony Trischka,19
Old & In the Way,19
Sting,5
Don Gibson,19
Webb Pierce,19
Tommy Collins,19
Earl King,4
Bayside,5
Good Charlotte,5
Belinda Carlisle,5
Mercyful Fate,5
The Gentrys,5
Cliff Richard,5
Freddy Fender,19
John Mayall & the Bluesbreakers,0
Bill Evans Trio,3
ExposÃ©,5
Donald Fagen,5
Grayson Hugh,4
Maze,4
Wilbur Ware,3
Gary Peacock,3
Frente!,5
Duncan Sheik,5
David Sylvian,5
Jeff Wayne,5
Geddy Lee,5
Roger Waters,5
Anna Nalick,5
John Mayer,5
Joey Ramone,5
Tsunami Bomb,5
The Rezillos,5
Eddie "Cleanhead" Vinson,3
Ekoostik Hookah,5
Jerry Garcia Band,5
Every Time I Die,5
Bebo Norman,2
Passion,2
Rich Mullins,2
Caedmon's Call,2
Flo & Eddie,5
Cock Sparrer,5
Fozzy,5
Sponge,5
Eric Heatherly,19
Shaggy,8
Ini Kamoze,8
Junior Reid,8
Maxi Priest,8
Chad Brock,19
Greg Phillinganes,4
Ottmar Liebert,10
Dope,5
Gavin DeGraw,5
Captain & Tennille,5
Modest Mouse,5
Gavin Friday,5
Squarepusher,12
A Guy Called Gerald,12
Gas,12
Michel Legrand,3
Timi Yuro,5
Dwele,4
Color Me Badd,4
Shadows Fall,5
Toots Thielemans,3
Club Nouveau,4
Odyssey,4
Stacey Kent,7
The Melodians,8
Wet Willie,5
Sea Level,5
Chaka Demus & Pliers,8
Frank Foster,3
Wardell Gray,3
Suzy Bogguss,19
Loudon Wainwright III,17
The dB's,5
Toad the Wet Sprocket,5
Yanni,10
Franco De Vita,13
K.T. Oslin,19
Bobby Hackett,3
Shankar,18
Cass McCombs,5
Electric Six,5
Cake,5
Tweet,4
Bebel Gilberto,13
Djavan,13
Aterciopelados,13
Ben Lee,5
Mark Lanegan,5
Doug Kershaw,19
Shannon,4
ChantÃ© Moore,4
Electric Wizard,5
Candlemass,5
Cast,5
Dream Evil,5
Yngwie Malmsteen,5
Al Bowlly,7
Ben Folds Five,5
Bruce Hornsby,5
Sugar Minott,8
Stacey Q,5
Missing Persons,5
Stacie Orrico,2
Tamia,4
Gentle Giant,5
Franke & the Knockouts,5
Eagles of Death Metal,5
Rick Derringer,5
Ram Jam,5
David Houston,19
Johnny Osbourne,8
Mario Lanza,7
Eddie "Lockjaw" Davis,3
ToÃ±o Rosario,13
Elvis Crespo,13
Jon Secada,4
JosÃ© Feliciano,7
Miami Sound Machine,5
Marc Anthony,13
Grupo ManÃ­a,13
Eagle-Eye Cherry,5
Hootie & the Blowfish,5
Gin Blossoms,5
Feist,5
Sam Phillips,5
Hum,5
Charlie Barnet,3
Caravan,5
Ace,5
Drowning Pool,5
Downset,5
Ben Kweller,5
Nils Lofgren,5
Eva Cassidy,5
June Tabor,17
Dr. Buzzard's Original Savannah Band,4
Annie Ross,7
Lush,5
Robin Guthrie,5
Eddie Harris,3
Down,5
Felix da Housecat,12
Melanie,5
Carl Thomas,4
Luther Allison,0
Jimmy Dawkins,0
Eddie Henderson,3
Ferrante & Teicher,15
Finley Quaye,5
Abbey Lincoln,7
Fall Out Boy,5
Rites of Spring,5
Strung Out,5
Jets to Brazil,5
Lyle Mays,3
Annette Peacock,3
Eliane Elias,3
Marian McPartland,3
Bill Justis,5
Eddie Santiago,13
Easy Star All-Stars,8
Elephant Man,8
Mad Cobra,8
Joe South,5
Dodgy,5
Franz Ferdinand,5
Ned's Atomic Dustbin,5
The Monochrome Set,5
Neutral Milk Hotel,5
Charlie Palmieri,13
Mon Rivera,13
Beny MorÃ©,13
Carl Butler,19
Frank Morgan,3
Firefall,5
Ugly Kid Joe,5
Jesse Winchester,5
Tuxedomoon,5
Edwin McCain,5
James Spaulding,3
The Heartbeats,4
World Party,5
Eddie Vedder,5
Bono,5
Firehouse,5
Franz Waxman,1
Victor Young,7
Unearth,5
Poison the Well,5
Lamb of God,5
The Dillinger Escape Plan,5
Dispatch,5
M83,5
MFSB,4
First Choice,4
George Russell,3
Disturbed,5
Life of Agony,5
Prong,5
D.R.I.,5
Ibrahim Ferrer,13
Cachao,13
Gabby Pahinui,18
Rise Against,5
MDC,5
Cap'n Jazz,5
Anti-Flag,5
Jeri Southern,7
Ruth Cameron,3
Riders in the Sky,19
Elisa,5
Right Said Fred,5
Laid Back,5
Divine,5
Leon Ware,4
Nile Rodgers,4
The Style Council,5
Gino Vannelli,5
Charlie Robison,19
Joe Zawinul,3
Faster Pussycat,5
August Burns Red,5
Killswitch Engage,5
Don Chezina,13
Jon Hassell,10
Yma Sumac,15
Little Jimmy Scott,7
Carlos Ponce,13
Phil Collins,5
Don Carlos,8
The Pioneers,8
The Uniques,8
Fischerspooner,12
John Foxx,5
Tom Tom Club,5
Gina X Performance,5
Clan of Xymox,5
Eloy,5
Camel,5
Jane Child,5
The Edge,5
Tom Verlaine,5
Ultra Vivid Scene,5
Altered Images,5
The Dave Brubeck Quartet,3
Pat Metheny Group,3
John Coltrane Quartet,3
Miles Davis Quintet,3
Thelonious Monk Quartet,3
Stacy Lattisaw,4
Staind,5
Fred Eaglesmith,17
Edie Brickell,5
Ritchie Valens,5
Flaco JimÃ©nez,13
Jason Becker,5
Pat Metheny,3
Eileen Farrell,6
Tortoise,5
Graham Parker & the Rumour,5
Dave Grohl,5
Peter Criss,5
Bryan Ferry,5
Lord Creator,8
Eric Donaldson,8
Hopeton Lewis,8
The Paragons,8
Flaw,5
Caron Wheeler,4
Ray LaMontagne,5
Keb' Mo',0
James McMurtry,5
Brian Hyland,5
David Cassidy,5
Fine Young Cannibals,5
DÃ³nal Lunny,18
John Cafferty,5
Flipper,5
Roger McGuinn,5
Emerson Drive,19
Exile,19
Sawyer Brown,19
Great Big Sea,18
Hothouse Flowers,5
Donald Harrison,3
Greater Vision,2
Unsane,5
RX Bandits,5
Maceo Parker,4
French Kicks,5
Elvis Costello & the Attractions,5
Penguin Cafe Orchestra,10
David Lanz,10
Green Jelly,5
Arcade Fire,5
Phosphorescent,5
Jim Ford,5
Fun Boy Three,5
Mac Davis,19
Voodoo Glow Skulls,5
Voivod,5
Donny Osmond,5
Deadsy,5
Godhead,5
Dos,5
Flogging Molly,5
Angelic Upstarts,5
Funeral for a Friend,5
Buckwheat Zydeco,18
Sean Paul,8
Floetry,4
Eric Johnson,5
Billy Gibbons,5
Bud Shank,3
Phil Woods,3
John Parr,5
Foxy Brown,8
Eric Serra,1
Lee Roy Parnell,19
Martha Raye,7
Helen Forrest,7
Helen O'Connell,7
John Taylor,3
Frank Butler,3
George Winston,10
Beres Hammond,8
LeftÃ¶ver Crack,5
Dave Grusin,3
Wang Chung,5
Wall of Voodoo,5
Art Pepper,3
Chico Hamilton,3
Galactic,5
Warne Marsh,3
John Travolta,5
Cassie,4
Cassius,12
Madeleine Peyroux,7
Deicide,5
Lee Ann Womack,19
Garbage,5
Grace Slick,5
Judy Henske,17
Focus,5
AmÃ¡lia Rodrigues,18
CesÃ¡ria Ã‰vora,18
Dazz Band,4
Ernest Ranglin,8
Dorothy Loudon,7
The Flying Luttenbachers,3
Della Reese,7
Ed Bruce,19
Gretchen Wilson,19
Willie ColÃ³n,13
Javier SolÃ­s,13
Jorge Negrete,13
JosÃ© Alfredo JimÃ©nez,13
Los Alegres de TerÃ¡n,13
Pedro Infante,13
Gene Loves Jezebel,5
Dee Clark,4
Warren Haynes,5
Duane Allman,5
The Dream Syndicate,5
Changing Faces,4
Esquerita,5
Halifax,5
Dougie MacLean,17
Chantal Kreviazuk,15
Johnny "Hammond" Smith,3
Ernestine Anderson,7
Destruction,5
Drive-By Truckers,5
Donna the Buffalo,5
Red Garland,3
Ty Herndon,19
Jon Hendricks,7
General Public,5
Westlife,5
East 17,5
Nouvelle Vague,5
Charles & Eddie,4
Derek Trucks,5
Elvin Bishop,5
Ginger Baker,5
Max Richter,6
Arvo PÃ¤rt,6
Huey "Piano" Smith,4
Wet,5
Wet Wet Wet,5
Wheatus,5
Charles Earland,3
Amy Millan,5
The Vaselines,5
Charlie Chaplin,8
DragonForce,5
Savatage,5
Overkill,5
Helloween,5
Seefeel,12
Tycho,12
Zero 7,12
Casino Versus Japan,12
Dramarama,5
Type O Negative,5
Alien Sex Fiend,5
Charles Lloyd,3
Des'ree,4
Moe Bandy,19
DeVotchKa,5
Dub Pistols,12
Junior Kimbrough,0
Tyrone Davis,4
Linda Perhacs,17
Vetiver,5
Norman Greenbaum,5
Ian Matthews,5
Ghost,5
Rita Coolidge,5
Drake Bell,5
Joe Brown,5
Lou Ann Barton,0
Eros Ramazzotti,5
Lou Bega,5
Wesley Willis,5
The Contours,4
Donna Fargo,19
Jamie Foxx,4
Johnny Gill,4
Jon B.,4
Vanessa Williams,4
David Lindley,5
Alfred Newman,1
Percy Heath,3
Dianne Reeves,7
Jamie Cullum,5
Diana Krall,3
Michael Franks,7
Norah Jones,5
Ricochet,19
The Silhouettes,4
Danny & the Juniors,4
Johnny Griffin,3
David Guetta,12
David Morales,12
Roger Sanchez,12
Utah Saints,12
Roy Clark,19
U.K.,5
Dimmu Borgir,5
Mayhem,5
Ralph McTell,17
Charlie Sexton,5
Rilo Kiley,5
Wilco,5
Lone Justice,5
Neko Case,5
Ciara,4
K.P. & Envyi,4
Carla Bruni,5
John Conlee,19
Dido,5
Djivan Gasparyan,18
M. Ward,5
Grandaddy,5
Chris Isaak,5
Ringo Starr,5
John D. Loudermilk,5
Life Without Buildings,5
Scritti Politti,5
Umphrey's McGee,5
moe.,5
Jonathan Butler,3
The Silvertones,8
Pixinguinha,13
Dalva de Oliveira,13
Clannad,18
Jane Olivor,7
Uncle Kracker,5
Little River Band,5
Judge,5
Vitalic,12
Hombres G,13
Jason Mraz,5
Hot Action Cop,5
Machine Head,5
John Handy,3
UNKLE,12
Hot Hot Heat,5
M.I.A.,12
Hot Rize,19
Vixen,5
MC 900 Ft. Jesus,5
Leatherface,5
Dead Meadow,5
Randy Rhoads,5
Machel Montano,8
Bloc Party,5
Vitamin C,5
Tiffany,5
Joseph Arthur,5
Lizz Wright,3
Jeff Foxworthy,14
Robert Klein,14
Rodney Dangerfield,14
Hound Dog Taylor,0
Shadow,18
Planxty,18
Blue Mitchell,3
Vivian Green,4
Dead or Alive,5
Boy George,5
Big John Patton,3
David Crosby,5
Steve Forbert,5
Robbie Williams,5
Go West,5
Walter Hawkins,2
Lonnie Liston Smith,3
Al Cohn,3
Artie Shaw,3
Keith Emerson,5
Howard Huntsberry,4
Svend Asmussen,3
Death in June,5
Howard Roberts,3
Jobriath,5
Howard Stern,14
David Wilcox,17
Local H,5
Walk the Moon,5
Adriano Celentano,5
Death Angel,5
Roaring Lion,18
John P. Kee,2
Marisela,13
The Wannadies,5
Deee-Lite,5
Lil' Mo,4
Days of the New,5
Chris Cornell,5
Josh Ritter,5
Gillian Welch,17
Alejandro Escovedo,5
Ryan Adams,5
Damien Jurado,5
Howie Day,5
Richard Ashcroft,5
Hugh Mundell,8
Danny Thompson,5
John Kay,5
Keith Relf,5
Hubert Laws,3
Homer & Jethro,19
Paul Stanley,5
Tommy Sands,5
Deacon Blue,5
Salaam Remi,4
Mark Ronson,5
Kid Koala,12
Sam Kinison,14
Denis Leary,14
Robin Thicke,4
Joan Osborne,5
Gerald Levert,4
Johnny Hates Jazz,5
Anita Bryant,7
Dallas Holm,2
Lisa Loeb,5
Third Eye Blind,5
Tonic,5
Fad Gadget,5
Johnny "Big Moose" Walker,0
Kitty Kallen,7
The Chordettes,4
Lola BeltrÃ¡n,13
Antonio Aguilar,13
Johnny Lee,19
Jerry Byrd,19
Speedy West,19
Leon Redbone,5
Dennis DeYoung,5
Lemon Jelly,12
Johnny Adams,0
Razorlight,5
Pop Will Eat Itself,5
Wayman Tisdale,3
Najee,3
The Records,5
The Feelies,5
Rockpile,5
Johnny Clegg,18
Wayne Hancock,19
Tracy Lawrence,19
Sammie,4
The Derek Trucks Band,5
Les Brown,3
Harry James,3
Juanes,13
Ozomatli,5
Molotov,13
Gustavo Santaolalla,13
Manu Chao,13
Enrique Iglesias,13
Soda Stereo,13
Carlos Vives,13
Liquid Tension Experiment,5
Johnny Rodriguez,19
Bobby Timmons,3
Devendra Banhart,5
Les Nubians,4
Whiskeytown,5
Junior Brown,19
Lenny White,3
Destroyer,5
We Are Scientists,5
Lisa Lisa,4
Jocelyn Brown,4
Love Battery,5
Johnny Pacheco,13
Sara Evans,19
Grupo Mojado,13
RocÃ­o DÃºrcal,13
Los Bukis,13
DevilDriver,5
White Town,12
Low,5
Julie Roberts,19
Pee Wee Crayton,0
People Like Us,12
Joi,4
Half Pint,8
Junior Mance,3
Dion & the Belmonts,5
Diana King,8
Wayne Newton,7
Jackie Gleason,15
Leon Haywood,4
Wayne Watson,5
Scooter,12
Junior Senior,5
Leroy Van Dyke,19
Dick Gaughan,18
White Lion,5
JoJo,5
Jessica Simpson,5
Mandy Moore,5
Ashanti,4
Howard Hewett,4
Wayne Toups,18
Wayne Wonder,8
Capleton,8
The Academy Is...,5
Marvelous 3,5
Dashboard Confessional,5
Diamond Rio,19
Julee Cruise,5
RÃ³isÃ­n Murphy,5
Helen Merrill,7
Lucky Dube,8
Pepper Adams,3
Honeymoon Suite,5
Brand X,5
Lee Wiley,7
Diane Schuur,7
Lucy Pearl,4
Department S,5
Say Anything,5
Wild Cherry,4
Rebirth Brass Band,4
Jon Brion,5
Justin Adams,4
Little Big Town,19
Aaron Tippin,19
T-Pain,4
Nate Dogg,4
Ginuwine,4
Jordan Rudess,5
Dillinger Four,5
Various Artists,12
Lord Invader,8
Lord Melody,18
Dinah Shore,7
Golden Earring,5
Julian Lennon,5
Hoodoo Gurus,5
Jonah Jones,3
Bunny Berigan,3
Pete Droge,5
54-40,5
Lifehouse,5
Elf,5
Jeffrey Lewis,17
Hooverphonic,5
Amos Lee,5
Lighthouse,5
Chris Brown,4
112,4
Jennifer Hudson,4
Phyllis Hyman,4
Little Texas,19
Pete Steele,17
Los Panchos,13
Marilyn McCoo,4
Jonny Lang,5
George Thorogood,5
Titus Turner,5
Marie Osmond,19
Maria Rita,13
Rita Lee,13
Celtic Woman,18
Bobby CapÃ³,13
S Club 7,5
Peter Knight,7
Dr. Lonnie Smith,3
Mary Martin,1
Kay Thompson,7
Mario,4
Lonnie Mack,0
Josh Groban,7
JosÃ© Carreras,6
Jim Brickman,10
Mandy Patinkin,7
PlÃ¡cido Domingo,6
David Foster,5
Rod Temperton,4
Don Blackman,4
Gawvi,2
Rob Halford,5
Howard McGhee,3
Josh Kelley,5
Michael McDonald,5
The Wallflowers,5
Rodriguez,5
Roachford,5
Phoenix,5
Josh Turner,19
Howard Shore,1
Lila McCann,19
Josh Rouse,5
Gyptian,8
Jill Sobule,5
Deerhunter,5
Rooney,5
Marion Meadows,3
Robbie Dupree,5
Frank Loesser,1
Robert Mirabal,18
Jesse Powell,4
Saga,5
Ronan Keating,5
Phil Lynott,5
Maroon 5,5
Robert Gordon,5
Philip Aaberg,10
George Morgan,19
Ismael Rivera,13
Calle 13,13
Oscar D'LeÃ³n,13
Platinum Blonde,5
Jessica Andrews,19
Joss Stone,5
Denise LaSalle,0
Damian Marley,8
Play,5
Dave Alvin,5
No Doubt,5
Wilson Phillips,5
CeCe Winans,2
Charly GarcÃ­a,13
Rose Tattoo,5
Robert Randolph,2
Sneaky Pete Kleinow,5
Mulgrew Miller,3
Robert Glasper,3
Saigon Kick,5
Racer X,5
Linkin Park,5
Linton Kwesi Johnson,8
Sam Rivers,3
Rockwell,4
Mark O'Connor,19
Rossington Collins Band,5
RÃ¶yksopp,12
Sammy,5
Los Lonely Boys,5
Lisa Gerrard,5
Judy Kuhn,5
Linda Eder,7
Ismael Miranda,13
Cheo Feliciano,13
HÃ©ctor Lavoe,13
Joe Cuba,13
Plastilina Mosh,5
Plastic Bertrand,5
Possessed,5
The Soul Survivors,4
Glenn Gould,6
Blitzen Trapper,5
Running Wild,5
Martha Wash,4
Keith Hudson,8
Junior Kelly,8
Lucky Ali,18
Curved Air,5
Scientist,8
Lisette Melendez,5
Paul Weston,3
Junkie XL,12
Junkyard,5
Puddle of Mudd,5
Bush,5
Martin Sexton,17
Jump, Little Children,5
John Adams,6
Justin Tubb,19
Penetration,5
Lucero,5
The Blasters,5
The Young Rascals,5
Emmanuel,13
Ricardo Montaner,13
JosÃ© JosÃ©,13
Luis Fonsi,13
Diego Torres,13
Alexandre Pires,13
Marvin Sease,0
K-Ci & JoJo,4
Pierre Bachelet,1
Blindside,5
Mary Black,18
The West Coast Pop Art Experimental Band,5
VAST,5
Little Jimmy Dickens,19
Atlanta Rhythm Section,5
Mary Gauthier,19
Quantic,12
Luis Enrique,13
Jimmy Yancey,0
Pete Johnson,3
Jennifer Holliday,5
Charlie Parr,17
Adolescents,5
Jennifer Love Hewitt,5
RocÃ­o Jurado,13
Panic! At the Disco,5
The Killers,5
Jason Aldean,19
Emitt Rhodes,5
Jens Lekman,5
Charlie Watts,3
Company,5
Lumidee,4
Secret Weapon,4
Matt Redman,2
Paul Carrack,5
Peter Rowan,19
Jem,5
Morcheeba,12
Jello Biafra,14
Jermaine Stewart,4
Matchbook Romance,5
Arctic Monkeys,5
John Cooper Clarke,5
The Streets,12
Autechre,12
Jerry Douglas,19
She Wants Revenge,5
Placebo,5
Mitch Miller & the Sing-Along Gang,7
Rahsaan Patterson,4
Matt Bianco,5
New Found Glory,5
Jonathan Coulton,5
Eluveitie,5
Rage,5
El DeBarge,4
Harold Land,3
James Moody,3
MiklÃ³s RÃ³zsa,1
Leonard Rosenman,1
10 Years,5
3 Doors Down,5
Paco de LucÃ­a,13
Jesse Cook,10
Gipsy Kings,13
Floyd Cramer,19
Ronnie Foster,3
Will Ackerman,10
Oscar Brand,17
Rammstein,5
Nitzer Ebb,5
New Model Army,5
Naked Eyes,5
New Musik,5
Mark Wills,19
Marmalade,5
Hollywood Undead,5
Mitch Miller,15
Phil Ramone,5
Nicholas Payton,3
Peter Sarstedt,5
Frankie Ruiz,13
Jerry Rivera,13
Rey Ruiz,13
Wilfrido Vargas,13
Pieces of a Dream,3
CÃ©u,13
Buddy Clark,7
Raul Malo,19
Phil Vassar,19
Pilot,5
Rose Royce,4
Pinback,5
No Use for a Name,5
Jim Ed Brown,19
Jesus Jones,5
Nikki Jean,5
Roy Hargrove,3
Pink Martini,5
Buena Vista Social Club,13
Richard Hawley,5
Tindersticks,5
Edwyn Collins,5
Jet,5
The Brian Jonestown Massacre,5
Jewel,5
Dar Williams,17
Plumb,5
Poe,5
Rebecca Lynn Howard,19
Ray Stevens,19
Plain White T's,5
Sugar Ray,5
Pure Prairie League,5
Jimmy Cobb,3
Ryuichi Sakamoto,12
Kai Winding,3
Men at Large,4
Planet P Project,5
Kajagoogoo,5
Haircut 100,5
Rick Braun,3
Porno for Pyros,5
Ruben Studdard,4
Dave Hollister,4
Karen Akers,7
Ruby Braff,3
Jimmy McPartland,3
Rick Trevino,19
Ricky Martin,13
Royal Crown Revue,5
The Mothers of Invention,5
Oysterhead,5
Karunesh,10
The Chantays,5
Rupee,13
Jimmy Giuffre,3
Larry Graham,4
Michael Henderson,4
Kasabian,5
New Grass Revival,19
Marta SÃ¡nchez,13
Mecano,13
Propellerheads,12
Rudy Ray Moore,14
Katrina & the Waves,5
Kano,4
Paramore,5
Yeah Yeah Yeahs,5
Avril Lavigne,5
Dropkick Murphys,5
Martin Rev,5
Rihanna,5
BeyoncÃ©,4
Shakira,13
Martha Wainwright,5
Lata Mangeshkar,18
Kavita Krishnamurthy,18
Manos Hadjidakis,1
Wolf Parade,5
Ugly Casanova,5
Kathryn Williams,5
Sara Bareilles,5
Nara LeÃ£o,13
Natalie Grant,2
Bananarama,5
Philip Wesley,10
Masters of Reality,5
Trouble,5
Brandi Carlile,5
Nappy Brown,0
Mass Production,4
Nat Adderley,3
Meredith Monk,11
Ronnie Self,5
The Monotones,4
The Wild Tchoupitoulas,4
Metric,5
mewithoutYou,5
Mastodon,5
Chiodos,5
Red Rat,8
The Click Five,5
Neal McCoy,19
Seven Mary Three,5
Vikki Carr,7
North Mississippi Allstars,5
Rachelle Ferrell,7
Matt Nathanson,5
Five for Fighting,5
Regina Spektor,5
Reel Big Fish,5
El Michels Affair,4
Lafayette Afro Rock Band,18
Cymande,4
Mandrill,4
Norma Jean,5
Norman Blake,19
Norman Brown,3
Material Issue,5
Mason Jennings,5
Aly & AJ,5
Atomic Kitten,5
Michelle Branch,5
Hilary Duff,5
OK Go,5
Fountains of Wayne,5
Railroad Earth,5
Next,4
James Blunt,5
Be Your Own Pet,5
Zac Brown,19
Brad Paisley,19
Rascal Flatts,19
Ohio Express,5
Ryan Leslie,4
Esperanza Spalding,3
Nena,5
Nick Heyward,5
Maxine Brown,4
Cat Anderson,3
Randy Scruggs,19
The Go! Team,5
Michelle Williams,2
Yolanda Adams,2
Michael Ruff,5
Randy Waldman,3
Michael White,3
Alvin & the Chipmunks,9
Crazy Frog,5
Nickel Creek,19
Rhonda Vincent,19
Tim O'Brien,19
Alison Krauss,19
Scott Nygaard,19
Stuart Duncan,19
Opeth,5
Nerf Herder,5
Mclusky,5
Shellac,5
Jessie Hill,4
Patty Duke,5
Lecrae,2
Men of Standard,2
TobyMac,2
Ratatat,5
Mike Birbiglia,14
Adam Sandler,14
Brian Regan,14
Mitch Hedberg,14
Me First and the Gimme Gimmes,5
Ray Anthony,3
Ray J,4
The Motors,5
The Microphones,5
Tygers of Pan Tang,5
John Scofield,3
The Lounge Lizards,3
Medicine,5
Meredith Brooks,5
Maria Callas,6
Nicolette Larson,5
Meli'sa Morgan,4
Medwyn Goodall,10
Ready for the World,4
Ray Nance,3
The Peasall Sisters,19
The RH Factor,3
The Radiators,5
Phil Manzanera,5
Milli Vanilli,5
Ralfi Pagan,13
Mike Stern,3
Otis Taylor,0
The Expendables,5
The Slackers,5
Dance Hall Crashers,5
The Tubes,5
Mingus Big Band,3
The Marcels,4
The Shins,5
Miracle Legion,5
Marconi Union,12
The Godz,5
The Six Parts Seven,5
Nivea,4
Mista,4
Matt Costa,5
Donavon Frankenreiter,5
The Miracles,4
2 Brothers on the 4th Floor,5
DÃ³ris Monteiro,13
The Naked Brothers Band,5
The King Khan & BBQ Show,5
Reckless Kelly,5
Methods of Mayhem,5
Donna Lewis,5
Messiah,12
CSS,5
The Rapture,12
The Weepies,5
The Kooks,5
Mest,5
Red Simpson,19
Red Sovine,19
Off Broadway,5
Editors,5
Okkervil River,5
Belanova,13
Nuclear Assault,5
Old 97's,5
Nuyorican Soul,12
Old Crow Medicine Show,5
Olga TaÃ±Ã³n,13
Gene Kelly,7
Of Montreal,5
Omarion,4
Ashley Tisdale,5
Lindsay Lohan,5
Mick Taylor,5
Klaxons,5
The Shamen,12
Taylor Swift,5
Michel Berger,5
The Matches,5
The National,5
The Moldy Peaches,5
The Subdudes,5
The Outfield,5
The Mooney Suzuki,5
A Skylit Drive,5
Mika,12
Scissor Sisters,5
Rufus Wainwright,5
Corbin Bleu,5
Madina Lake,5
Collie Buddz,8
3LW,5
Texas Tornados,5
Big Jay McNeely,0
Boots Randolph,19
The New Pornographers,5
The String Cheese Incident,5
Marsha Ambrosius,4
A Perfect Circle,5
Anita Ward,4
The Motels,5
Dance Gavin Dance,5
Midtown,5
Millencolin,5
Off with Their Heads,5
Crucifix,5
Hula,12
The Tractors,19
The Pietasters,5
The Verve Pipe,5
Sugar,5
The Vapors,5
Harpers Bizarre,5
Red Mitchell,3
Sugarland,19
The Witnesses,5
Mike Shinoda,5
Ingrid Michaelson,5
Thirty Seconds to Mars,5
The Starting Line,5
MoKenStef,4
La Sonora Dinamita,13
Orquesta AragÃ³n,13
The Rockin' Berries,5
The Ocean Blue,5
Memphis Slim,0
Sunnyland Slim,0
The Pop Group,5
Fifty Foot Hose,5
The Wonder Stuff,16
Anthony B,8
Caifanes,13
La Ley,13
El Tri,13
Mano Negra,5
Moloko,12
The Cave Singers,5
Silver Jews,5
The Walkmen,5
Steeleye Span,17
The Rivieras,5
Joey Dee,5
The Remains,5
Guadalcanal Diary,5
The Royal Guardsmen,5
Our Lady Peace,5
Three Days Grace,5
Toadies,5
Machines of Loving Grace,5
Suffocation,5
The Power Station,5
Franco,18
Mr. Fingers,12
The Samples,5
Thrice,5
Eddie Safranski,3
Another Bad Creation,4
Anouk,5
The Rentals,5
Captain Beyond,5
Mindless Self Indulgence,5
The Salsoul Orchestra,4
Wolfgang Amadeus Mozart,6
Adina Howard,4
Adema,5
Minus the Bear,5
The Rembrandts,5
Miroslav Vitous,3
Mirwais,12
Adriana Calcanhotto,13
Zap Pow,8
Brownsville Station,5
12 Stones,5
The Hondells,5
Against Me!,5
Seaweed,5
Luke Bryan,19
Mother Love Bone,5
Yo-Yo,5
Miranda Lambert,19
Tift Merritt,19
Miri Ben-Ari,4
Adele,5
Tito Nieves,13
The Sounds,5
Al Hirt,3
Mudvayne,5
Al Kooper,5
Audio Adrenaline,2
Carman,2
As I Lay Dying,5
Cannibal Corpse,5
Snapcase,5
The Soup Dragons,5
Flight of the Conchords,14
Muse,5
Porcupine Tree,5
Tom Russell,17
Thelma Houston,4
Alcatrazz,5
Albertina Walker,2
Alex Bugnon,3
Lenny Williams,4
Piebald,5
Brian Poole & the Tremeloes,5
Mr. Scruff,12
Tommy Flanagan,3
Brian Tyler,1
Danny Elfman,1
Cactus,5
Peter Murphy,5
My Morning Jacket,5
Brian Culbertson,3
Gerald Albright,3
The Brecker Brothers,3
Camila,13
Alejandra GuzmÃ¡n,13
Stonewall Jackson,19
The Bucketheads,12
Bruce Dickinson,5
Mystery Jets,5
Bright Eyes,5
Girls Aloud,5
Busted,5
The Raconteurs,5
The Dead Weather,5
Anthony Newley,7
Chrisette Michele,4
Jill Scott,4
Cabas,13
Flyleaf,5
Skillet,2
Buckcherry,5
Magnus Karlsson,5
Buddy Emmons,19
MGMT,5
Bring Me the Horizon,5
BBMak,5
Joe Arroyo,13
Sasha,5
Basshunter,5
Armin van Buuren,12
TiÃ«sto,12
Hellyeah,5
Dailey & Vincent,19
Serge Chaloff,3
Gustavo Cerati,13
Daniel Powter,5
Labi Siffre,4
Melody Gardot,3
Puffy AmiYumi,5
The Time,4
Gilbert O'Sullivan,5
Jazmine Sullivan,4
Matt and Kim,5
Cold War Kids,5
Gilberto Santa Rosa,13
El Gran Combo de Puerto Rico,13
Tito Rodriguez,13
Pete "El Conde" RodrÃ­guez,18
The Gaslight Anthem,5
Jonas Brothers,5
Jesse McCartney,5
Hanson,5
Witch,5
J. Holiday,4
Cousin Emmy,17
Miley Cyrus,5
Ashlee Simpson,5
The Bird and the Bee,5
April March,5
Orlando "Cachaito" Lopez,13
Man Parrish,12
The Wreckers,19
CamarÃ³n de la Isla,13
HammerFall,5
Veil of Maya,5
Hot Chip,5
Hardline,5
Natasha Bedingfield,5
Fred Anderson,3
Damn Yankees,5
Maktub,4
Glass Candy,5
MaxÃ¯mo Park,5
Hayes Carll,5
Ray Wylie Hubbard,19
Steve Young,19
Blaze Foley,19
Rogue Wave,5
Jason Isbell,5
Kenny Wayne Shepherd,5
Lily Allen,5
Colbie Caillat,5
Daniel Santos,13
Kat DeLuna,5
Milly Quezada,13
Justin Townes Earle,19
Son Volt,5
Dangerous Toys,5
Daughtry,5
Nickelback,5
Fuel,5
Dalis Car,5
Saving Abel,5
Stuff,4
The Cookies,4
Ocean,4
Angels & Airwaves,5
David Ruffin,4
Taio Cruz,5
Frightened Rabbit,5
Hepcat,8
4Him,2
Marcy Playground,5
Animotion,5
Paolo Nutini,5
Damien Rice,17
Freda Payne,4
Modern English,5
St. Vincent,5
A Taste of Honey,4
Adamski,12
The Edwin Hawkins Singers,2
The Used,5
Bappi Lahiri,18
A.R. Rahman,18
Sun Kil Moon,5
Rhiannon Giddens,19
Giuseppe di Stefano,6
Sufjan Stevens,5
Camera Obscura,5
Anthony Hamilton,4
The Vogues,5
Subhumans,5
The Vines,5
The Subways,5
Ash,5
Girls at Our Best!,5
Buffalo Tom,5
APB,5
Willie Johnson,0
The Waitresses,5
Acoustic Alchemy,10
MÃ³nica Naranjo,13
Mina,5
The Dangerous Summer,5
Moodymann,12
Crookers,12
Armand Van Helden,12
Los Campesinos!,5
Broken Social Scene,5
Thom Yorke,5
Yonder Mountain String Band,19
Monica Zetterlund,3
Monty Alexander,3
The Weakerthans,5
Yarbrough & Peoples,4
Lecuona Cuban Boys,13
Noro Morales,13
Theory of a Deadman,5
April Wine,5
Acceptance,5
Tiger Army,5
Buckethead,11
Motion City Soundtrack,5
Afro-Cuban All Stars,13
Against All Authority,5
Arch Enemy,5
A.R. Kane,5
After 7,4
The Originals,4
Julian Bream,6
Mr. Big,5
Steve Perry,5
John Waite,5
Mother Earth,12
Aqua,5
Ziggy Marley & the Melody Makers,8
Taken by Trees,5
Todd Rhodes,4
Dirty Heads,5
Tippa Irie,8
The Upsetters,8
The Ethiopians,8
The Techniques,8
Tinariwen,18
Toumani DiabatÃ©,18
Tiny Tim,14
Aim,12
Afro Celt Sound System,5
Arthur Conley,4
Gene Watson,19
Classics IV,5
Aida Cuevas,13
Caribou,5
MK,12
Timmy Regisford,12
Kim Wilde,5
Tomahawk,5
Metro Station,5
Mae,5
Four Year Strong,5
The Fratellis,5
Melanie C,5
Todd Snider,5
Brainstorm,4
The Tokens,5
Los del Rio,13
My Life with the Thrill Kill Kult,5
Mushroomhead,5
Billy Thorpe,5
Aldo Nova,5
The Infamous Stringdusters,19
JoaquÃ­n Sabina,13
Mr. Mister,5
Pretty Ricky,4
The Bothy Band,16
Alain Bashung,5
The Bouncing Souls,5
Mya,4
TonÃ©x,4
Brick,4
Bernard "Pretty" Purdie,3
Brian Blade,3
Bronski Beat,5
The Bravery,5
Joshua Radin,5
Britny Fox,5
Seether,5
The Brooklyn Tabernacle Choir,2
Aslan,5
Bulletboys,5
Stone Sour,5
Amy Winehouse,4
Jamey Johnson,19
Reik,13
Heatwave,4
James Mason,3
Strangefolk,5
Breakwater,4
Rufus & Chaka Khan,4
Buddy Tate,3
David Ball,19
YACHT,5
Eric Church,19
Jordan Pruitt,5
Strunz & Farah,18
Strawberry Switchblade,5
Dicks,5
Katharine McPhee,5
Danity Kane,4
CKY,5
Hot Lips Page,3
Atlas Sound,5
David Benoit,3
Buck-O-Nine,5
The Robins,4
The Balfa Brothers,18
Strike Anywhere,5
Ryan Bingham,19
David Bromberg,17
Shiny Toy Guns,12
Buddy DeFranco,3
Buddy Greco,7
Jackson Do Pandeiro,13
Five Finger Death Punch,5
Coal Chamber,5
Powerman 5000,5
Buster Brown,0
Bushman,8
Jason Derulo,5
Burial,12
Yeasayer,5
Animal Collective,5
David Cross,14
Burzum,5
C.W. McCall,19
The Menzingers,5
Swingin' Utters,5
Camouflage,5
Justice,12
Cute Is What We Aim For,5
Guaco,13
Poncho Sanchez,3
H-Town,4
Guttermouth,5
Memphis May Fire,5
Gianluca Grignani,5
Vasco Rossi,5
OneRepublic,5
Glenn Frey,5
Patrick Cowley,12
Hercules & Love Affair,12
Gino Soccio,4
Cassius Clay,14
Girl Talk,12
Caviar,5
Gary McFarland,3
H2O,5
Vampire Weekend,5
The Budos Band,4
Glenn Lewis,4
The Dodos,5
Poi Dog Pondering,5
Bon Iver,5
Calexico,5
Keri Hilson,4
Missy Higgins,5
Playero,13
Gorillaz,5
Vicki Sue Robinson,4
Mal Waldron,3
Mad Season,5
Godspeed You! Black Emperor,5
The Jesters,4
Cascada,12
The Knife,5
Teenage Bottlerocket,5
The Maine,5
Dan Hill,5
The Cribs,5
Dan Tyminski,19
Jack's Mannequin,5
Los Huracanes del Norte,13
Enrique GuzmÃ¡n,13
Gogol Bordello,5
Harry "Sweets" Edison,3
Goldfinger,5
Aunt Molly Jackson,19
Rose Maddox,19
Within Temptation,5
Iced Earth,5
The Felice Brothers,5
Golden Smog,5
Hella,5
HÃ©ctor Montemayor,13
Marcus Roberts,3
Chuck Rainey,3
Verdine White,4
The Sapphires,5
Lloyd,4
Marc Dorsey,5
Ray Conniff,15
Acker Bilk,3
Dane Cook,14
The Manhattan Transfer,7
Three Dog Night,5
Daryl Coley,2
Day26,4
Jean-Jacques Perrey,12
Mason Williams,15
Yael NaÃ¯m,5
Hezekiah Walker,2
Glenn Jones,5
Michael Chapman,17
Hi-Five,4
Darryl Worley,19
Daniel O'Donnell,7
Lyfe Jennings,4
Tex Beneke,3
Marc Broussard,5
William Clarke,0
Winger,5
Darkthrone,5
Xavier Rudd,5
Romeo Void,5
Xiu Xiu,5
Yami Bolo,8
Yellowjackets,3
Bidu SayÃ£o,6
Yellowcard,5
Leroy Hutson,4
Sabu Martinez,13
Joel Rafael,17
Z.Z. Hill,0
Vickie Winans,2
Avenged Sevenfold,5
Ryan Cabrera,5
Zakk Wylde,5
Gheorghe Zamfir,15
Zion & Lennox,13
ZhanÃ©,4
Brandon Heath,2
The Black Angels,5
Portugal. The Man,5
Ane Brun,5
Flying Lotus,12
Four Tet,12
Hannah Montana,5
Gojira,5
Paris Hilton,5
Boys Like Girls,5
Relient K,5
Born of Osiris,5
Newton Faulkner,5
Crystal Castles,12
Volbeat,5
Hank Williams III,19
Motionless in White,5
As Blood Runs Black,5
We the Kings,5
Jordin Sparks,4
Kellie Pickler,19
Corinne Bailey Rae,4
All Time Low,5
Gary Bartz,3
The Antlers,5
Gravity Kills,5
Frida,5
From First to Last,5
Enuff Z'nuff,5
Palomo,13
Alexander Robotnick,4
Spacehog,5
Alien Ant Farm,5
Danielle Dax,5
Sharon Shannon,18
Matt Monro,7
Steelheart,5
Train,5
Travis Barker,5
Alex Van Halen,5
Tracey Ullman,5
Bettye Swann,4
Allure,4
Trevor Jones,1
Switch,4
Troop,4
LeVert,4
TÃ©lÃ©popmusik,12
Paul Gilbert,5
Slide Hampton,3
Slaid Cleaves,17
Paul Kelly,5
Paul Overstreet,19
Anberlin,5
Steps,5
Stephen Schwartz,1
Trivium,5
ThalÃ­a,13
Supersuckers,5
Supreme Beings of Leisure,5
Andrew Dice Clay,14
Shivaree,5
Smile Empty Soul,5
Steve Lacy,4
Something Corporate,5
Sigue Sigue Sputnik,5
Andy Irvine,18
Paul Williams,5
The Album Leaf,5
Luis Alberto Spinetta,13
Pescado Rabioso,13
Snooks Eaglin,0
Snow,8
Sia,5
Sigur RÃ³s,5
Steve Hackett,5
Steve Harley & Cockney Rebel,5
The Avett Brothers,5
The Black Keys,5
Silversun Pickups,5
Syleena Johnson,4
The Bluegrass Album Band,19
Antonio MachÃ­n,13
Bloodhound Gang,5
Manfred Mann's Earth Band,5
Richard Adler,1
Blaque,4
Big D and the Kids Table,5
999,5
Bob Berg,3
Freestyle,12
Dr. Dog,5
Great Lake Swimmers,5
The Firm,5
The Fall of Troy,5
Blue Mountain,5
Erma Franklin,4
Tripping Daisy,5
Blue October,5
Folk Implosion,5
Clint Eastwood,8
The Cheetah Girls,5
Bill Charlap,3
The Gourds,5
Bob Luman,19
Bobby Watson,3
Johnny Bond,19
Bobby ValentÃ­n,13
The Connection,5
The Horrors,5
Baha Men,5
Steve Arrington,4
Kenny Garrett,3
All Shall Perish,5
Kid Loco,12
Jimmy Barnes,5
Bobby McFerrin,7
Bonham,5
Billy Talent,5
Icehouse,5
Idina Menzel,7
Billy Walker,19
Pete Brown,3
The Kendalls,19
Black Rebel Motorcycle Club,5
Immature,4
Pearl Bailey,7
Ronnie Laws,3
Kim Waters,3
Klaus Badelt,1
The Wailin' Jennys,5
Nicole Scherzinger,5
Krishna Das,10
Kronos Quartet,6
Infectious Grooves,5
Chris Lord-Alge,5
Cherish,4
Cherry Poppin' Daddies,5
The Futureheads,5
Issac Delgado,13
Chris de Burgh,5
Koop,12
Kula Shaker,5
Kurt Elling,7
The Jazz Crusaders,3
La Bouche,12
J.K. & Co.,5
Compound Red,5
Lacuna Coil,5
Hellogoodbye,5
Battles,5
Chris Thile,17
Lara Fabian,5
Ladytron,12
The Normal,5
Aqualung,5
Jagjit Singh,18
Alec Wilder,3
Billy May,3
Jaheim,4
Eric BenÃ©t,4
Will Downing,4
Crumb,5
Clarence Clemons,5
Gym Class Heroes,5
Leela James,4
Cupid,4
The Donnas,5
Barney,9
Joanna Newsom,5
Dorival Caymmi,13
Jacob Do Bandolim,13
The Maytals,8
James Morrison,5
The Crests,4
James Newton Howard,1
Evanescence,5
The Decemberists,5
Barcelona,5
Explosions in the Sky,5
Dirty Vegas,12
Tony Vega,13
Bennie Maupin,3
Shai,4
Joey McIntyre,5
Dyke & the Blazers,4
E.U.,4
Shanice,4
Stabbing Westward,5
Cockney Rejects,5
Keren Ann,5
Diplo,12
Fila Brazillia,12
Electronic,5
Philip Bailey,4
Faithless,12
FM,5
CocoRosie,5
Fenix TX,5
EMF,5
Robert Francis,5
Doctor Ross,0
Fantasia,4
Kandi,4
Eddie Gale,3
Pierre Boulez,6
Eddie Shaw,0
Dolores Keane,18
Huey Lewis,5
Alfredo Gutierrez,13
Roberto Torres,13
Lisandro Meza,13
DiÃ³medes DÃ­az,19
Los Corraleros de Majagual,13
Laurindo Almeida,3
Toshiko Akiyoshi,3
Ralph Burns,3
Bobby Marchan,4
Finger Eleven,5
EmilÃ­ana Torrini,5
Flesh for Lulu,5
Dory Previn,1
Fun Lovin' Criminals,5
Gregory Hines,4
Casting Crowns,2
Catch 22,5
Grady Tate,3
Dream,5
The Dream Academy,5
Twila Paris,2
Drop Nineteens,5
Gang Green,5
LÃ©o FerrÃ©,7
Doves,5
Grim Reaper,5
Vertical Horizon,5
Luther Ingram,4
Alvin Lee,5
Cornelio Reyna,13
Los RelÃ¡mpagos del Norte,13
Luther "Guitar Junior" Johnson,0
Charlie Hunter,3
Turtle Island String Quartet,3
JÃ³hann JÃ³hannsson,12
Tyrese,4
VÃ­ctor Manuelle,13
Joe Nichols,19
Jamie O'Neal,19
Jamie Principle,12
Lou Gramm,5
Vince Neil,5
Russell Malone,3
Joel Grey,9
Jane Monheit,7
Vonda Shepard,5
John Cafferty & the Beaver Brown Band,5
VolovÃ¡n,5
Uncle Sam,4
MÃºm,12
Jean Knight,4
Wade Bowen,19
Jenny Lewis,5
John Petrucci,5
Deep Blue Something,5
Bob Eberly,7
Jess Stacy,3
Leftover Salmon,5
The Millennium,5
John Legend,4
Deitrick Haddon,2
Debra Laws,4
Dawn Upshaw,6
The Sylvers,4
Hinder,5
Deva Premal,10
Devin Townsend,5
Grizzly Bear,5
Johnny Tillotson,5
Whoopi Goldberg,14
Dick Curless,19
Jon Bon Jovi,5
Frankie Carle,3
Bert Kaempfert,15
AndrÃ© Kostelanetz,15
LiberaciÃ³n,13
Horace Brown,4
Horace Parlan,3
El Chicano,5
Lightning Bolt,5
Maria McKee,5
Dierks Bentley,19
Liam Lynch,5
Louie Ramirez,13
Loose Ends,4
Lo Fidelity Allstars,12
Marisa Monte,13
Joyce,13
Loudness,5
Robben Ford,3
Lori McKenna,17
Rocket from the Crypt,5
Samantha Mumba,5
Chuckii Booker,4
Mark Morrison,4
Ron White,14
Lisa Fischer,4
The Babys,5
Pepe Aguilar,13
Junior Byles,8
Julieta Venegas,13
Jumbo,18
Julia Fordham,5
Rokia TraorÃ©,18
Save Ferris,5
Lit,5
Savage Garden,5
Nic Jones,17
Vanessa-Mae,5
Vanessa Bell Armstrong,2
Little Caesar,5
Vanessa Carlton,5
Velvet Revolver,5
SÃ©bastien Tellier,5
Jeffrey Gaines,5
Jennifer Paige,5
Michael Wycoff,4
D.J. Rogers,4
Section 25,5
Peter Erskine,3
Mel Lewis,3
Peter Bjorn and John,5
Pete Yorn,5
Phantom Planet,5
Norman Connors,3
Clap Your Hands Say Yeah,5
Ne-Yo,4
Mark-Almond,5
Lola Flores,13
Jerry Ross,5
Marlena Shaw,7
Marques Houston,4
Richard Cheese,5
Pitchshifter,5
Rotary Connection,4
RuPaul,5
Kaki King,5
Richard Elliot,3
Ruby,12
Kaskade,12
Powderfinger,5
Brooklyn Bridge,5
Primitive Radio Gods,5
Los Reyes del Camino,13
Egg Hunt,5
Keane,5
Pulse Ultra,5
Quarterflash,5
John Stewart,17
Keel,5
Natalia Lafourcade,13
Katy Perry,5
The Fray,5
Mary Mary,2
Corb Lund,19
Rachael Yamagata,5
Carrie Underwood,19
Nelson,5
Arif Mardin,5
Mat Kearney,5
Brett Dennen,5
KT Tunstall,5
Mary Youngblood,10
Raheem DeVaughn,4
Bullet for My Valentine,5
McFly,5
Randy VanWarmer,5
Mayday,18
Augustana,5
JosÃ© GonzÃ¡lez,5
Baby Rasta & Gringo,13
Nicky Jam,13
Janelle MonÃ¡e,4
The Browns,19
Nightwish,5
Nicole,4
Far East Movement,5
MercyMe,2
Russ Taff,2
Men at Work,5
TrentemÃ¸ller,12
Deadmau5,12
Metal Church,5
Merril Bainbridge,5
Red Rider,5
O-Town,5
Red Lorry Yellow Lorry,5
Reef,5
ReneÃ© Olstead,7
The O.C. Supertones,5
Michael BublÃ©,7
Republica,5
Revis,5
Michael Nyman,1
Michael Giacchino,1
Ocean Colour Scene,5
O'Bryan,4
The Muppets,9
Michal Urbaniak,3
The Olivia Tremor Control,5
Mijares,13
Midnight Star,4
The Radio Dept.,5
The Postal Service,5
The Romantics,5
The Producers,5
Mike Reid,19
Band of Horses,5
Los Secretos,13
Otep,5
The Saw Doctors,5
(hed) p.e.,5
Werly Fairburn,5
Alice Smith,4
Bat for Lashes,5
Hans Zimmer,1
Geoff Zanelli,1
Gnarls Barkley,4
Christian Finnegan,14
The Sword,5
Mayday Parade,5
Further Seems Forever,5
The Knocks,5
Someone Still Loves You Boris Yeltsin,5
4 Non Blondes,5
The Thermals,5
45 Grave,5
A Static Lullaby,5
The Tornados,5
The Veldt,5
The Tremeloes,5
The Whites,2
Alborosie,8
3 Inches of Blood,5
Sugababes,5
Escape the Fate,5
The Von Bondies,5
MUTEMATH,5
Thomas Newman,1
Aaron Carter,5
Thousand Foot Krutch,5
Sunshine Anderson,4
Therapy?,5
Monifah,4
Thunder,5
Adiemus,10
Armor for Sleep,5
Moxy FrÃ¼vous,5
Tim Hecker,12
Tom Cochrane,5
Alan Silvestri,1
Kaiser Chiefs,5
Brass Construction,4
Akon,4
Alannah Myles,5
Brant Bjork,5
Brad Mehldau,3
Breaking Benjamin,5
Brian Kennedy,5
N'Dea Davenport,3
Musical Youth,8
Musiq Soulchild,4
Cornelius Brothers & Sister Rose,4
Heather Headley,4
Tommy Edwards,4
Mychael Danna,1
Tom Robinson Band,5
Broadcast,12
Toninho Horta,3
The Brothers Four,17
The Easy Riders,17
Black Moth Super Rainbow,5
Mr. Vegas,8
A Day to Remember,5
Sunny Sweeney,19
Holly Dunn,19
Mandisa,2
Streetlight Manifesto,5
Morton Feldman,11
Georges Delerue,1
Leona Lewis,5
Guster,5
George Lopez,14
Candy Dulfer,3
Calvin Harris,12
Wilbert Harrison,4
Calvin Richardson,4
Giant,5
Gomez,5
Giorgia,5
Girls,5
Goldrush,5
Giuffria,5
Hank Cochran,19
Glass Tiger,5
Harvey Danger,5
Dan Bern,5
Mali Music,5
Goldfrapp,5
Nick Cave & the Bad Seeds,5
Dan the Automator,5
Danger Danger,5
Daniel Bedingfield,5
Man Man,5
Marc Johnson,3
Herb Alpert & the Tijuana Brass,15
Henry Gross,5
Marah,5
Darius Rucker,19
Alter Bridge,5
Hiroshima,3
Dave Barnes,5
Dave Dudley,19
Zack de la Rocha,5
Vanessa Hudgens,5
Dirty Pretty Things,5
The Veronicas,5
Tommy Trash,12
Beirut,5
Rodrigo Amarante,5
The Wonder Years,5
Comeback Kid,5
DÃ¢m-Funk,4
Mtume,4
The Red Jumpsuit Apparatus,5
Teddybears,5
Freur,5
Donell Jones,4
From Autumn to Ashes,5
Frou Frou,5
The White Tie Affair,5
Justin Nozuka,5
Fleet Foxes,5
Foals,5
Kodomo,12
Little Dragon,12
Duffy,5
Forever the Sickest Kids,5
Sharon Jones,4
Lady Gaga,5
Lykke Li,5
Selena Gomez,5
Demi Lovato,5
The Ting Tings,5
The War on Drugs,5
Karina,4
Rev Theory,5
Beach House,5
Bingo Players,12
3OH!3,5
Black Kids,5
Delta Spirit,5
Crystal Shawanda,19
Noah and the Whale,5
White Lies,5
Friendly Fires,5
Jake Owen,19
Passion Pit,5
Bag Raiders,12
STRFKR,5
El Guincho,5
Hey Monday,5
The Script,5
Never Shout Never,5
Matt Simons,5
The-Dream,4
Colt Ford,19
LMFAO,5
Bruno Mars,5
Stacy Barthe,4
Jigsaw,5
Cash Cash,12
Vengaboys,5
ATB,12
The Lonely Island,14
Melanie Fiona,4
Wavves,5
Shinyribs,5
Ida Maria,5
Cage the Elephant,5
Kristinia DeBarge,4
La Roux,5
Mumford & Sons,5
Matthew Halsall,3
Lukas Nelson,5
Nils Frahm,11
The Alan Parsons Project,5
Max Frost,5
Laura Bell Bundy,5
Ideal,4
Louis and Bebe Barron,6
Chris Young,19
Sheppard,5
Parkway Drive,5
Passenger,5
Slim,4
Karnivool,5
Christopher Tin,1
Jerrod Niemann,19
Cate Le Bon,5
Daniel Tosh,14
Josh Ward,19
Wisin & Yandel,13
Chino & Nacho,13
Tribal Seeds,8
Santigold,5
Daya,5
Tori Kelly,5
Jeremih,4
Trin-i-tee 5:7,2
Nosaj Thing,12
Brett Young,19
Miike Snow,5
She & Him,5
Asking Alexandria,5
Jesse Boykins III,4
Best Coast,5
Ellie Goulding,5
Florence + the Machine,5
Oneohtrix Point Never,12
Easton Corbin,19
Daley,4
Kat Graham,5
The Pretty Reckless,5
Swedish House Mafia,12
Mike Posner,5
Future Islands,5
Moe Bandy & Joe Stampley,19
Mulatu Astatke,18
Andy Grammer,5
X Japan,5
Elevation Worship,2
The Cab,5
Rationale,5
Deer Tick,5
The Dap-Kings Horns,4
William Michael Morgan,19
Teyana Taylor,4
Kurt Vile,5
Cory Morrow,19
Josh Abbott Band,19
One OK Rock,5
Tame Impala,5
Fever Ray,12
Local Natives,5
Surface,4
Kevin Lyttle,4
Broken Bells,5
Major Lazer,12
Imagine Dragons,5
Kevin Morby,5
Them Crooked Vultures,5
Sleigh Bells,5
The Summer Set,5
Sir Charles Jones,4
Defiance, Ohio,5
The SteelDrivers,19
The Temper Trap,5
Laura Marling,5
The Bloody Beetroots,12
Carly Rae Jepsen,5
Katie Herzig,5
The Glitch Mob,5
Travis Greene,2
CHAPPO,5
Rita Ora,5
Rend Collective,2
Phantogram,5
Fun.,5
Hot Chelle Rae,5
The Civil Wars,5
Washed Out,5
Toro y Moi,5
Two Door Cinema Club,5
Verse Simmonds,4
Boyce Avenue,5
Justin Bieber,5
Ariana Grande,5
Lincoln,5
Grimes,5
Stateless,5
Curtis Grimes,19
Sky Ferreira,5
Skrillex,12
Terrace Martin,4
Frank Reyes,13
Romeo Santos,13
Camilo Sesto,13
RaulÃ­n RodrÃ­guez,13
Seasons After,5
The Band Perry,19
Eric Bellinger,4
Of Mice & Men,5
Emmure,5
Eric Paslay,19
K. Michelle,4
Eric Prydz,12
Avicii,12
Benny Benassi,12
Nick Jonas & the Administration,5
Small Black,5
Allstar Weekend,5
Neon Trees,5
Twenty One Pilots,5
Charles Bradley,4
Tink,4
Thundercat,4
Baths,12
James Blake,12
JÃ³nsi,5
Lianne La Havas,5
The Boys,4
Perfume Genius,5
Logan Mize,19
Black Veil Brides,5
The Head and the Heart,5
The Wanted,5
Blue,5
Christina Perri,5
Sam Smith,5
Nick Jonas,5
BJ the Chicago Kid,4
Olly Murs,5
Gigi Masin,12
Twin Shadow,5
Foster the People,5
Disclosure,12
Com Truise,12
Big Time Rush,5
A*Teens,12
Mindless Behavior,4
Canaan Smith,19
Miguel,4
Jonathan McReynolds,2
Lord Huron,5
Jamie Lawson,5
Jessie Ware,5
Young the Giant,5
Frank Ocean,4
Kimbra,5
Jessie J,5
Jeremy Soule,1
Skylar Grey,5
Kevin Garrett,4
Gallant,4
Absofacto,5
Ed Sheeran,5
Feed Me,12
Cher Lloyd,5
Mndsgn,12
The Weeknd,4
Sam Hunt,19
Periphery,5
Tedeschi Trucks Band,5
Tyler Farr,19
Jana Kramer,19
Scotty McCreery,19
Ronnie Dunn,19
Pham,12
Lorn,12
Flume,5
Zendaya,5
Bridgit Mendler,5
JhenÃ© Aiko,4
The Districts,5
Pistol Annies,19
A Winged Victory for the Sullen,5
Michael Kiwanuka,5
One Direction,5
Tory Lanez,4
Zedd,12
Lana Del Rey,5
Matthew Koma,5
Cole Swindell,19
Elle Varner,4
Kishi Bashi,5
Alabama Shakes,5
Steve Angello,12
3LAU,12
Allen Stone,4
Meghan Trainor,5
King Krule,5
Robert Glasper Experiment,4
Natural Child,5
The Internet,4
Electric Guest,5
Little Mix,5
Harry Styles,5
Niall Horan,5
Wild Party,5
Alt-J,5
WZRD,5
Mac DeMarco,5
The Lumineers,5
Father John Misty,5
Romare,12
The Piano Guys,15
Destructo,12
Jetta,5
Dan Croll,5
Cherub,5
Atlas Genius,5
Florida Georgia Line,19
Dallas Smith,19
The 1975,5
Northlane,5
R5,5
John Newman,4
Becky G,5
Jenni Rivera,13
Crown the Empire,5
Foxes,5
Baauer,12
Flosstradamus,12
Jonn Hart,4
Timeflies,12
Hiatus Kaiyote,4
A*M*E,5
Sevyn Streeter,4
Niagara,5
Echosmith,5
August Alsina,4
Lukas Graham,5
Upchurch,19
Cashmere Cat,12
Hudson Mohawke,12
TGT,4
LSG,4
Lorde,5
Vision,5
A Great Big World,5
Moose Blood,5
Kat Dahlia,5
Zara Larsson,12
The Cadillac Three,19
Real Friends,5
Adrian Marcel,4
Nick Hakim,4
Chastity Belt,5
Hozier,5
Mary Lambert,5
Fifth Harmony,5
FKA twigs,5
Together PANGEA,5
The Interrupters,5
Vance Joy,5
Twin Forks,5
George Ezra,5
Bombay Bicycle Club,5
Justine Skye,4
SoMo,5
Jordan Knight,5
Daniel Caesar,4
5 Seconds of Summer,5
Neck Deep,5
State Champs,5
Phoebe Ryan,5
Andra Day,4
Meg Myers,5
MisterWives,5
Starset,5
Magic!,5
Big Data,5
Moti,12
Kehlani,4
TeeFLii,4
Tinashe,4
Mickey Guyton,19
Bando Jonez,4
VEDO,4
Jessie James Decker,19
Anthony Lewis,4
Troye Sivan,12
Little May,5
Shawn Mendes,5
Francesco Yates,5
Chase Bryant,19
The Neptunes,4
Kaytranada,12
Karen Harding,12
Raury,5
Kygo,12
Jackie Lee,19
PVRIS,5
Jordan Rakei,4
Fat Freddy's Drop,12
BÃ˜RNS,5
Jack Garratt,5
The Marcus King Band,5
Charlie Puth,5
Luke Kaufman,19
Natalie La Rose,4
LANY,5
The Oh Hellos,5
The Middle East,5
Fleurie,5
Jordan Fisher,5
HONNE,5
Leon Bridges,4
Sarah Ross,19
Bibi Bourelly,5
Cheat Codes,12
Nicky Romero,12
Rainbow Kitten Surprise,5
Camila Cabello,5
Kaleo,5
Jon Langston,19
Izzy Bizu,4
Astrid S,5
Red Sun Rising,5
Rotimi,4
That Poppy,5
Petit Biscuit,12
Bryson Tiller,4
Jamila Woods,4
Roy Woods,4
Dua Lipa,5
Car Seat Headrest,5
Kadhja Bonet,5
Los Ãngeles Negros,13
Chicano Batman,5
With Confidence,5
La Dispute,5
Kali Uchis,5
Big Thief,5
James TW,5
Chris Lane,19
Jillian Jacqueline,19
Cloves,5
Luke Combs,19
gnash,5
Levitation Room,5
Declan McKenna,5
Crywank,5
Sports,5
Billie Eilish,5
ZAYN,5
CNCO,13
J Balvin,13
LANCO,19
Ella Mai,4
Noname,4
Buddy Brown,19
EDEN,12
24hrs,4
Ty Dolla $ign,4
Colter Wall,19
Xavier OmÃ¤r,4
Midland,19
Brent Faiyaz,4
Jeremy Zucker,5
Jon Bellion,5
Yungblud,5
Jaira Burns,5
Elohim,5
Rosemary & Garlic,5
Vybz Kartel,8
Trinidad Cardona,4
Popcaan,8
Tommy Lee,8